"id";"name";"url";"typeid";"status"
"1";"00server.com";"00server.com";"1";"Enabled"
"2";"0n-line.tv";"0n-line.tv";"1";"Enabled"
"3";"100dollars-seo.com";"100dollars-seo.com";"1";"Enabled"
"4";"100ssul.com";"100ssul.com";"1";"Enabled"
"5";"10webs.org";"10webs.org";"1";"Enabled"
"6";"1185158.responsive-test.net";"1185158.responsive-test.net";"1";"Enabled"
"7";"1222231.responsive-test.net";"1222231.responsive-test.net";"1";"Enabled"
"8";"12287457.responsive-test.net";"12287457.responsive-test.net";"1";"Enabled"
"9";"12masterov.com";"12masterov.com";"1";"Enabled"
"10";"1541.ru";"1541.ru";"1";"Enabled"
"11";"15874552.responsive-test.net";"15874552.responsive-test.net";"1";"Enabled"
"12";"1kinobig.ru";"1kinobig.ru";"1";"Enabled"
"13";"1pamm.ru";"1pamm.ru";"1";"Enabled"
"14";"1stdirector.co.uk";"1stdirector.co.uk";"1";"Enabled"
"15";"1webmaster.ml";"1webmaster.ml";"1";"Enabled"
"16";"200please.com";"200please.com";"1";"Enabled"
"17";"200please.coml";"200please.coml";"1";"Enabled"
"18";"2015.isp-surveys.com";"2015.isp-surveys.com";"1";"Enabled"
"19";"24videos.tv";"24videos.tv";"1";"Enabled"
"20";"273-fz.ru";"273-fz.ru";"1";"Enabled"
"21";"3246630.responsive-test.net";"3246630.responsive-test.net";"1";"Enabled"
"22";"4448662.responsive-test.net";"4448662.responsive-test.net";"1";"Enabled"
"23";"4520496.responsive-test.net";"4520496.responsive-test.net";"1";"Enabled"
"24";"4istoshop.com";"4istoshop.com";"1";"Enabled"
"25";"4webmasters.com";"4webmasters.com";"1";"Enabled"
"26";"4webmasters.org";"4webmasters.org";"1";"Enabled"
"27";"51834387.responsive-test.net";"51834387.responsive-test.net";"1";"Enabled"
"28";"51cto.com";"51cto.com";"1";"Enabled"
"29";"5forex.ru";"5forex.ru";"1";"Enabled"
"30";"60504625.responsive-test.net";"60504625.responsive-test.net";"1";"Enabled"
"31";"6hopping.com";"6hopping.com";"1";"Enabled"
"32";"76brighton.co.uk";"76brighton.co.uk";"1";"Enabled"
"33";"7makemoneyonline.com";"7makemoneyonline.com";"1";"Enabled"
"34";"7zap.com";"7zap.com";"1";"Enabled"
"35";"80dance.com";"80dance.com";"1";"Enabled"
"36";"843150.responsive-test.net";"843150.responsive-test.net";"1";"Enabled"
"37";"86eid.com";"86eid.com";"1";"Enabled"
"38";"a-hau.mk";"a-hau.mk";"1";"Enabled"
"39";"a.pr-cy.ru";"a.pr-cy.ru";"1";"Enabled"
"40";"acabottutor.com";"acabottutor.com";"1";"Enabled"
"41";"acads.net";"acads.net";"1";"Enabled"
"42";"accessories.afora.ru";"accessories.afora.ru";"1";"Enabled"
"43";"acornarcade.com";"acornarcade.com";"1";"Enabled"
"44";"acunetix-referrer.com";"acunetix-referrer.com";"1";"Enabled"
"45";"adcash.com";"adcash.com";"1";"Enabled"
"46";"add-page.com";"add-page.com";"1";"Enabled"
"47";"addtoevent.co.uk";"addtoevent.co.uk";"1";"Enabled"
"48";"adf.ly";"adf.ly";"1";"Enabled"
"49";"adishofdailylife.com";"adishofdailylife.com";"1";"Enabled"
"50";"adspart.com";"adspart.com";"1";"Enabled"
"51";"adtiger.tk";"adtiger.tk";"1";"Enabled"
"52";"adultnet.in";"adultnet.in";"1";"Enabled"
"53";"advancedsearch2.virginmedia.com";"advancedsearch2.virginmedia.com";"1";"Enabled"
"54";"adventureparkcostarica.com";"adventureparkcostarica.com";"1";"Enabled"
"55";"adviceforum.info";"adviceforum.info";"1";"Enabled"
"56";"aeroc.net.ua";"aeroc.net.ua";"1";"Enabled"
"57";"affordable24rx.com";"affordable24rx.com";"1";"Enabled"
"58";"affordablewebsitesandmobileapps.com";"affordablewebsitesandmobileapps.com";"1";"Enabled"
"59";"afora.ru";"afora.ru";"1";"Enabled"
"60";"aftermarket.7zap.com";"aftermarket.7zap.com";"1";"Enabled"
"61";"aftermarket.afora.ru";"aftermarket.afora.ru";"1";"Enabled"
"62";"agam-06.org";"agam-06.org";"1";"Enabled"
"63";"agat.net";"agat.net";"1";"Enabled"
"64";"Ai-writer.com";"Ai-writer.com";"1";"Enabled"
"65";"aihitdata.com";"aihitdata.com";"1";"Enabled"
"66";"akbs-bl.ch";"akbs-bl.ch";"1";"Enabled"
"67";"akuhni.by";"akuhni.by";"1";"Enabled"
"68";"akvamaster.dp.ua";"akvamaster.dp.ua";"1";"Enabled"
"69";"alborzan.com";"alborzan.com";"1";"Enabled"
"70";"alepcable.com";"alepcable.com";"1";"Enabled"
"71";"alert.hdmoviecams.com";"alert.hdmoviecams.com";"1";"Enabled"
"72";"alfa9.com";"alfa9.com";"1";"Enabled"
"73";"alibest.com";"alibest.com";"1";"Enabled"
"74";"alibestsale.com";"alibestsale.com";"1";"Enabled"
"75";"AliBestSales.com";"AliBestSales.com";"1";"Enabled"
"76";"all-sims.ru";"all-sims.ru";"1";"Enabled"
"77";"all4invest.ru";"all4invest.ru";"1";"Enabled"
"78";"allknow.info";"allknow.info";"1";"Enabled"
"79";"allkrim.com";"allkrim.com";"1";"Enabled"
"80";"allnews.md";"allnews.md";"1";"Enabled"
"81";"allsilver925.co.il";"allsilver925.co.il";"1";"Enabled"
"82";"allwomen.info";"allwomen.info";"1";"Enabled"
"83";"alpagt.ru";"alpagt.ru";"1";"Enabled"
"84";"alphaforum.ru";"alphaforum.ru";"1";"Enabled"
"85";"alpharma.net";"alpharma.net";"1";"Enabled"
"86";"altermix.ua";"altermix.ua";"1";"Enabled"
"87";"amanda-porn.ga";"amanda-porn.ga";"1";"Enabled"
"88";"amateurblowjob.adultnet.in";"amateurblowjob.adultnet.in";"1";"Enabled"
"89";"amazines.com";"amazines.com";"1";"Enabled"
"90";"amfibi.directory";"amfibi.directory";"1";"Enabled"
"91";"amt-k.ru";"amt-k.ru";"1";"Enabled"
"92";"ana-white.com";"ana-white.com";"1";"Enabled"
"93";"anal-acrobats.hol.es";"anal-acrobats.hol.es";"1";"Enabled"
"94";"anapa-inns.ru";"anapa-inns.ru";"1";"Enabled"
"95";"anapa.xrus.org";"anapa.xrus.org";"1";"Enabled"
"96";"android-style.com";"android-style.com";"1";"Enabled"
"97";"angelaarmstrong3.soup.io";"angelaarmstrong3.soup.io";"1";"Enabled"
"98";"anime4youth-v2.blogspot.com";"anime4youth-v2.blogspot.com";"1";"Enabled"
"99";"anonymous-redirect.com";"anonymous-redirect.com";"1";"Enabled"
"100";"anticrawler.org";"anticrawler.org";"1";"Enabled"
"101";"arab.adultnet.in";"arab.adultnet.in";"1";"Enabled"
"102";"arabgirls.adultgalls.com";"arabgirls.adultgalls.com";"1";"Enabled"
"103";"arate.ru";"arate.ru";"1";"Enabled"
"104";"archidom.info";"archidom.info";"1";"Enabled"
"105";"architecturebest.com";"architecturebest.com";"1";"Enabled"
"106";"arendakvartir.kz";"arendakvartir.kz";"1";"Enabled"
"107";"arkkivoltti.net";"arkkivoltti.net";"1";"Enabled"
"108";"artdeko.info";"artdeko.info";"1";"Enabled"
"109";"articledirectoryusa.com";"articledirectoryusa.com";"1";"Enabled"
"110";"articlescore.com";"articlescore.com";"1";"Enabled"
"111";"artip.ru";"artip.ru";"1";"Enabled"
"112";"artparquet.ru";"artparquet.ru";"1";"Enabled"
"113";"artphoto.name";"artphoto.name";"1";"Enabled"
"114";"aruplighting.com";"aruplighting.com";"1";"Enabled"
"115";"asicstech.com";"asicstech.com";"1";"Enabled"
"116";"astrakhan.xrus.org";"astrakhan.xrus.org";"1";"Enabled"
"117";"asylum.acornarcade.com";"asylum.acornarcade.com";"1";"Enabled"
"118";"atta.force.com";"atta.force.com";"1";"Enabled"
"119";"auto-moto-elektronika.cz";"auto-moto-elektronika.cz";"1";"Enabled"
"120";"auto-zapchasti.org";"auto-zapchasti.org";"1";"Enabled"
"121";"auto.rusvile.lt";"auto.rusvile.lt";"1";"Enabled"
"122";"auto4style.ru";"auto4style.ru";"1";"Enabled"
"123";"autobudpostach.club";"autobudpostach.club";"1";"Enabled"
"124";"autonew.biz";"autonew.biz";"1";"Enabled"
"125";"autotop.com.ua";"autotop.com.ua";"1";"Enabled"
"126";"autovideobroadcast.com";"autovideobroadcast.com";"1";"Enabled"
"127";"autowebmarket.com.ua";"autowebmarket.com.ua";"1";"Enabled"
"128";"aviva-limoux.com";"aviva-limoux.com";"1";"Enabled"
"129";"avtocredit-legko.ru";"avtocredit-legko.ru";"1";"Enabled"
"130";"azartclub.org";"azartclub.org";"1";"Enabled"
"131";"azartniy-bonus.com";"azartniy-bonus.com";"1";"Enabled"
"132";"azazu.ru";"azazu.ru";"1";"Enabled"
"133";"azbukadiets.ru";"azbukadiets.ru";"1";"Enabled"
"134";"azlex.uz";"azlex.uz";"1";"Enabled"
"135";"b99.co.uk";"b99.co.uk";"1";"Enabled"
"136";"backgroundpictures.net";"backgroundpictures.net";"1";"Enabled"
"137";"baggasm.com";"baggasm.com";"1";"Enabled"
"138";"baikalglobal.com";"baikalglobal.com";"1";"Enabled"
"139";"baike.com";"baike.com";"1";"Enabled"
"140";"baixar-musicas-gratis.com";"baixar-musicas-gratis.com";"1";"Enabled"
"141";"baixar-musicas-gratis.comsavetubevideo.com";"baixar-musicas-gratis.comsavetubevideo.com";"1";"Enabled"
"142";"baladur.ru";"baladur.ru";"1";"Enabled"
"143";"balitouroffice.com";"balitouroffice.com";"1";"Enabled"
"144";"balvinderkumar.com";"balvinderkumar.com";"1";"Enabled"
"145";"bankrot-spb.ru";"bankrot-spb.ru";"1";"Enabled"
"146";"bard-real.com.ua";"bard-real.com.ua";"1";"Enabled"
"147";"bay176.mail.live.com";"bay176.mail.live.com";"1";"Enabled"
"148";"beabase.com";"beabase.com";"1";"Enabled"
"149";"beauby.ru";"beauby.ru";"1";"Enabled"
"150";"bedandbreakfastireland.net";"bedandbreakfastireland.net";"1";"Enabled"
"151";"belgorod.xrus.org";"belgorod.xrus.org";"1";"Enabled"
"152";"berlininsl.com";"berlininsl.com";"1";"Enabled"
"153";"best-funnycatsanddogs.com";"best-funnycatsanddogs.com";"1";"Enabled"
"154";"best-seo-offer.com";"best-seo-offer.com";"1";"Enabled"
"155";"best-seo-software.xyz";"best-seo-software.xyz";"1";"Enabled"
"156";"best-seo-solution.com";"best-seo-solution.com";"1";"Enabled"
"157";"bestempresas.es";"bestempresas.es";"1";"Enabled"
"158";"bestmobilityscooterstoday.com";"bestmobilityscooterstoday.com";"1";"Enabled"
"159";"bestseo-solution.com";"bestseo-solution.com";"1";"Enabled"
"160";"bestwebsiteawards.com";"bestwebsiteawards.com";"1";"Enabled"
"161";"bestwebsitesawards.com";"bestwebsitesawards.com";"1";"Enabled"
"162";"betonka.pro";"betonka.pro";"1";"Enabled"
"163";"bif-ru.info";"bif-ru.info";"1";"Enabled"
"164";"bigcities.org";"bigcities.org";"1";"Enabled"
"165";"biglistofwebsites.com";"biglistofwebsites.com";"1";"Enabled"
"166";"billiard-classic.com.ua";"billiard-classic.com.ua";"1";"Enabled"
"167";"bimatoprost-careprost.com";"bimatoprost-careprost.com";"1";"Enabled"
"168";"binomo.kz";"binomo.kz";"1";"Enabled"
"169";"bio-japan.net";"bio-japan.net";"1";"Enabled"
"170";"bio.trade-jp.net";"bio.trade-jp.net";"1";"Enabled"
"171";"bizdirlib.com";"bizdirlib.com";"1";"Enabled"
"172";"biznesluxe.ru";"biznesluxe.ru";"1";"Enabled"
"173";"bizru.info";"bizru.info";"1";"Enabled"
"174";"black-friday.ga";"black-friday.ga";"1";"Enabled"
"175";"blackhatworth.com";"blackhatworth.com";"1";"Enabled"
"176";"blacklesbians.xblog.in";"blacklesbians.xblog.in";"1";"Enabled"
"177";"blockworld.ru";"blockworld.ru";"1";"Enabled"
"178";"blogtotal.de";"blogtotal.de";"1";"Enabled"
"179";"blue-square.biz";"blue-square.biz";"1";"Enabled"
"180";"bluecoat.com";"bluecoat.com";"1";"Enabled"
"181";"bluerobot.info";"bluerobot.info";"1";"Enabled"
"182";"bmhnetwork.com";"bmhnetwork.com";"1";"Enabled"
"183";"bmw.afora.ru";"bmw.afora.ru";"1";"Enabled"
"184";"bodybuilding-shop.biz";"bodybuilding-shop.biz";"1";"Enabled"
"185";"boioiong.com";"boioiong.com";"1";"Enabled"
"186";"boleznikogi.com";"boleznikogi.com";"1";"Enabled"
"187";"bonuspayeer.ru";"bonuspayeer.ru";"1";"Enabled"
"188";"boost-my-site.com";"boost-my-site.com";"1";"Enabled"
"189";"bouwmaas.jouwpagina.nl";"bouwmaas.jouwpagina.nl";"1";"Enabled"
"190";"brakehawk.com";"brakehawk.com";"1";"Enabled"
"191";"brazil.porndairy.in";"brazil.porndairy.in";"1";"Enabled"
"192";"break-the-chains.com";"break-the-chains.com";"1";"Enabled"
"193";"brendbutik.ru";"brendbutik.ru";"1";"Enabled"
"194";"british1.co.uk";"british1.co.uk";"1";"Enabled"
"195";"brk-rti.ru";"brk-rti.ru";"1";"Enabled"
"196";"brothers-smaller.ru";"brothers-smaller.ru";"1";"Enabled"
"197";"budmavtomatika.com.ua";"budmavtomatika.com.ua";"1";"Enabled"
"198";"budpost.com.ua";"budpost.com.ua";"1";"Enabled"
"199";"build-a-better-business.2your.site";"build-a-better-business.2your.site";"1";"Enabled"
"200";"build-audience.for-your.website";"build-audience.for-your.website";"1";"Enabled"
"201";"burger-imperia.com";"burger-imperia.com";"1";"Enabled"
"202";"burn-fat.ga";"burn-fat.ga";"1";"Enabled"
"203";"business-finder.info";"business-finder.info";"1";"Enabled"
"204";"business-portal.co.uk";"business-portal.co.uk";"1";"Enabled"
"205";"buttons-for-website.com";"buttons-for-website.com";"1";"Enabled"
"206";"buttons-for-your-website.com";"buttons-for-your-website.com";"1";"Enabled"
"207";"buttonspace.com";"buttonspace.com";"1";"Enabled"
"208";"buy-cheap-online.info";"buy-cheap-online.info";"1";"Enabled"
"209";"buy-cheap-pills-order-online.com";"buy-cheap-pills-order-online.com";"1";"Enabled"
"210";"buy-forum.ru";"buy-forum.ru";"1";"Enabled"
"211";"buyessaynow.biz";"buyessaynow.biz";"1";"Enabled"
"212";"call-of-duty.info";"call-of-duty.info";"1";"Enabled"
"213";"callupcontact.com";"callupcontact.com";"1";"Enabled"
"214";"camgirls.adultnet.in";"camgirls.adultnet.in";"1";"Enabled"
"215";"cardiosport.com.ua";"cardiosport.com.ua";"1";"Enabled"
"216";"cardul.ru";"cardul.ru";"1";"Enabled"
"217";"carfax.com.ua";"carfax.com.ua";"1";"Enabled"
"218";"carsnumber.com";"carsnumber.com";"1";"Enabled"
"219";"cartechnic.ru";"cartechnic.ru";"1";"Enabled"
"220";"cash4traffic.xyz";"cash4traffic.xyz";"1";"Enabled"
"221";"castingbank.ru";"castingbank.ru";"1";"Enabled"
"222";"catalogs-parts.com";"catalogs-parts.com";"1";"Enabled"
"223";"ccpfy.net";"ccpfy.net";"1";"Enabled"
"224";"cenokos.ru";"cenokos.ru";"1";"Enabled"
"225";"cenoval.ru";"cenoval.ru";"1";"Enabled"
"226";"cezartabac.ro";"cezartabac.ro";"1";"Enabled"
"227";"cfsrating.sonicwall.com";"cfsrating.sonicwall.com";"1";"Enabled"
"228";"ch.wow.com";"ch.wow.com";"1";"Enabled"
"229";"chameleon-shop.ru";"chameleon-shop.ru";"1";"Enabled"
"230";"cheese-for-you.ucoz.ua";"cheese-for-you.ucoz.ua";"1";"Enabled"
"231";"chelyabinsk.xrus.org";"chelyabinsk.xrus.org";"1";"Enabled"
"232";"chinese-amezon.com";"chinese-amezon.com";"1";"Enabled"
"233";"choosecuisine.com";"choosecuisine.com";"1";"Enabled"
"234";"ci.ua";"ci.ua";"1";"Enabled"
"235";"cityadspix.com";"cityadspix.com";"1";"Enabled"
"236";"civilwartheater.com";"civilwartheater.com";"1";"Enabled"
"237";"claim22346981.copyrightclaims.org";"claim22346981.copyrightclaims.org";"1";"Enabled"
"238";"claim26287680.copyrightclaims.org";"claim26287680.copyrightclaims.org";"1";"Enabled"
"239";"claim381811.copyrightclaims.org";"claim381811.copyrightclaims.org";"1";"Enabled"
"240";"claim41419611.copyrightclaims.org";"claim41419611.copyrightclaims.org";"1";"Enabled"
"241";"claim43313961.copyrightclaims.org";"claim43313961.copyrightclaims.org";"1";"Enabled"
"242";"claim48468546.copyrightclaims.org";"claim48468546.copyrightclaims.org";"1";"Enabled"
"243";"claim65919258.copyrightclaims.org";"claim65919258.copyrightclaims.org";"1";"Enabled"
"244";"claim66669103.copyrightclaims.org";"claim66669103.copyrightclaims.org";"1";"Enabled"
"245";"claim67259183.copyrightclaims.org";"claim67259183.copyrightclaims.org";"1";"Enabled"
"246";"claim68419526.copyrightclaims.org";"claim68419526.copyrightclaims.org";"1";"Enabled"
"247";"claim69545136.copyrightclaims.org";"claim69545136.copyrightclaims.org";"1";"Enabled"
"248";"claim69854706.copyrightclaims.org";"claim69854706.copyrightclaims.org";"1";"Enabled"
"249";"claim71210023.copyrightclaims.org";"claim71210023.copyrightclaims.org";"1";"Enabled"
"250";"claim71636923.copyrightclaims.org";"claim71636923.copyrightclaims.org";"1";"Enabled"
"251";"clicksor.com";"clicksor.com";"1";"Enabled"
"252";"clk.golinks.org";"clk.golinks.org";"1";"Enabled"
"253";"clubaccent.net";"clubaccent.net";"1";"Enabled"
"254";"cmd.kz";"cmd.kz";"1";"Enabled"
"255";"coderstate.com";"coderstate.com";"1";"Enabled"
"256";"codysbbq.com";"codysbbq.com";"1";"Enabled"
"257";"coinsruss.com";"coinsruss.com";"1";"Enabled"
"258";"companycheck.co.uk";"companycheck.co.uk";"1";"Enabled"
"259";"conceptfeedback.com";"conceptfeedback.com";"1";"Enabled"
"260";"conciergegroup.org";"conciergegroup.org";"1";"Enabled"
"261";"confib.ifmo.ru";"confib.ifmo.ru";"1";"Enabled"
"262";"connectikastudio.com";"connectikastudio.com";"1";"Enabled"
"263";"cookie-law-enforcement-bb.xyz";"cookie-law-enforcement-bb.xyz";"1";"Enabled"
"264";"cookie-law-enforcement-cc.xyz";"cookie-law-enforcement-cc.xyz";"1";"Enabled"
"265";"cookie-law-enforcement-dd.xyz";"cookie-law-enforcement-dd.xyz";"1";"Enabled"
"266";"cookie-law-enforcement-ee.xyz";"cookie-law-enforcement-ee.xyz";"1";"Enabled"
"267";"cookie-law-enforcement-ff.xyz";"cookie-law-enforcement-ff.xyz";"1";"Enabled"
"268";"cookie-law-enforcement-ii.xyz";"cookie-law-enforcement-ii.xyz";"1";"Enabled"
"269";"cookingmeat.ru";"cookingmeat.ru";"1";"Enabled"
"270";"cool-wedding.net";"cool-wedding.net";"1";"Enabled"
"271";"coop-gamers.ru";"coop-gamers.ru";"1";"Enabled"
"272";"copyrightclaims.org";"copyrightclaims.org";"1";"Enabled"
"273";"covadhosting.biz";"covadhosting.biz";"1";"Enabled"
"274";"creditgate.com";"creditgate.com";"1";"Enabled"
"275";"crgfa.org";"crgfa.org";"1";"Enabled"
"276";"crm.muchosol.com";"crm.muchosol.com";"1";"Enabled"
"277";"cs-data.ru";"cs-data.ru";"1";"Enabled"
"278";"cubook.supernew.org";"cubook.supernew.org";"1";"Enabled"
"279";"customsua.com.ua";"customsua.com.ua";"1";"Enabled"
"280";"cutalltheshit.com";"cutalltheshit.com";"1";"Enabled"
"281";"cxpromote.com";"cxpromote.com";"1";"Enabled"
"282";"cyber-monday.ga";"cyber-monday.ga";"1";"Enabled"
"283";"dailyrank.net";"dailyrank.net";"1";"Enabled"
"284";"darkbyte.ru";"darkbyte.ru";"1";"Enabled"
"285";"darodar.com";"darodar.com";"1";"Enabled"
"286";"dbutton.net";"dbutton.net";"1";"Enabled"
"287";"dear-diary.ru";"dear-diary.ru";"1";"Enabled"
"288";"dekorkeramik.ru";"dekorkeramik.ru";"1";"Enabled"
"289";"delfin-aqua.com.ua";"delfin-aqua.com.ua";"1";"Enabled"
"290";"demenageur.com";"demenageur.com";"1";"Enabled"
"291";"demo-babes.blogspot.com";"demo-babes.blogspot.com";"1";"Enabled"
"292";"den-noch24.ru";"den-noch24.ru";"1";"Enabled"
"293";"dentuled.net";"dentuled.net";"1";"Enabled"
"294";"depositfiles-porn.ga";"depositfiles-porn.ga";"1";"Enabled"
"295";"descargar-musica-gratis.net";"descargar-musica-gratis.net";"1";"Enabled"
"296";"descargar-musicas-gratis.com";"descargar-musicas-gratis.com";"1";"Enabled"
"297";"designdevise.com";"designdevise.com";"1";"Enabled"
"298";"desktopnexus.com";"desktopnexus.com";"1";"Enabled"
"299";"detskie-konstruktory.ru";"detskie-konstruktory.ru";"1";"Enabled"
"300";"detskie-zabavi.ru";"detskie-zabavi.ru";"1";"Enabled"
"301";"digitalfaq.com";"digitalfaq.com";"1";"Enabled"
"302";"dimkino.ru";"dimkino.ru";"1";"Enabled"
"303";"dipstar.org";"dipstar.org";"1";"Enabled"
"304";"diradvantage.com";"diradvantage.com";"1";"Enabled"
"305";"directory-free.com";"directory-free.com";"1";"Enabled"
"306";"directoryaddurlsstore,com";"directoryaddurlsstore,com";"1";"Enabled"
"307";"directorycapital.com";"directorycapital.com";"1";"Enabled"
"308";"directorywebuk.co.uk";"directorywebuk.co.uk";"1";"Enabled"
"309";"dirfusion.co.uk";"dirfusion.co.uk";"1";"Enabled"
"310";"dirhub.net";"dirhub.net";"1";"Enabled"
"311";"diy-handmade-ideas.com";"diy-handmade-ideas.com";"1";"Enabled"
"312";"djekxa.ru";"djekxa.ru";"1";"Enabled"
"313";"djonwatch.ru";"djonwatch.ru";"1";"Enabled"
"314";"dktr.ru";"dktr.ru";"1";"Enabled"
"315";"dnepr-avtospar.com.ua";"dnepr-avtospar.com.ua";"1";"Enabled"
"316";"dneprsvet.com.ua";"dneprsvet.com.ua";"1";"Enabled"
"317";"dnph.com";"dnph.com";"1";"Enabled"
"318";"dobbersports.com";"dobbersports.com";"1";"Enabled"
"319";"dojki-hd.com";"dojki-hd.com";"1";"Enabled"
"320";"dokumentalkino.net";"dokumentalkino.net";"1";"Enabled"
"321";"domain-tracker.com";"domain-tracker.com";"1";"Enabled"
"322";"domaintools.com";"domaintools.com";"1";"Enabled"
"323";"domdeco.net";"domdeco.net";"1";"Enabled"
"324";"domik-derevne.ru";"domik-derevne.ru";"1";"Enabled"
"325";"dominateforex.ml";"dominateforex.ml";"1";"Enabled"
"326";"domination.ml";"domination.ml";"1";"Enabled"
"327";"dominterior.org";"dominterior.org";"1";"Enabled"
"328";"donnybrook.osits.com";"donnybrook.osits.com";"1";"Enabled"
"329";"doska-vsem.ru";"doska-vsem.ru";"1";"Enabled"
"330";"dostavka-alcogolya.com";"dostavka-alcogolya.com";"1";"Enabled"
"331";"dostavka-v-krym.com";"dostavka-v-krym.com";"1";"Enabled"
"332";"douillet.info";"douillet.info";"1";"Enabled"
"333";"downloadmusicmp3.top";"downloadmusicmp3.top";"1";"Enabled"
"334";"dp.g.doubleclick.net";"dp.g.doubleclick.net";"1";"Enabled"
"335";"drugstoreforyou.com";"drugstoreforyou.com";"1";"Enabled"
"336";"drupa.com";"drupa.com";"1";"Enabled"
"337";"dubreuil.agat.net";"dubreuil.agat.net";"1";"Enabled"
"338";"duckduckgo.com";"duckduckgo.com";"1";"Enabled"
"339";"dvr.biz.ua";"dvr.biz.ua";"1";"Enabled"
"340";"e-buyeasy.com";"e-buyeasy.com";"1";"Enabled"
"341";"e-kwiaciarz.pl";"e-kwiaciarz.pl";"1";"Enabled"
"342";"easycommerce.cf";"easycommerce.cf";"1";"Enabled"
"343";"ebin.cc";"ebin.cc";"1";"Enabled"
"344";"ebony.porndairy.in";"ebony.porndairy.in";"1";"Enabled"
"345";"ecomp3.ru";"ecomp3.ru";"1";"Enabled"
"346";"econom.co";"econom.co";"1";"Enabled"
"347";"edakgfvwql.ru";"edakgfvwql.ru";"1";"Enabled"
"348";"egovaleo.it";"egovaleo.it";"1";"Enabled"
"349";"ekaterinburg.xrus.org";"ekaterinburg.xrus.org";"1";"Enabled"
"350";"ekspertmed.com";"ekspertmed.com";"1";"Enabled"
"351";"ekto.ee";"ekto.ee";"1";"Enabled"
"352";"el-nation.com";"el-nation.com";"1";"Enabled"
"353";"electricwheelchairsfind.com";"electricwheelchairsfind.com";"1";"Enabled"
"354";"electronicsarena.co.uk";"electronicsarena.co.uk";"1";"Enabled"
"355";"ellysmarket.com";"ellysmarket.com";"1";"Enabled"
"356";"elmifarhangi.com";"elmifarhangi.com";"1";"Enabled"
"357";"eluscvs91.over-blog.com";"eluscvs91.over-blog.com";"1";"Enabled"
"358";"elvel.com.ua";"elvel.com.ua";"1";"Enabled"
"359";"elz.by";"elz.by";"1";"Enabled"
"360";"embedle.com";"embedle.com";"1";"Enabled"
"361";"energy-ua.com";"energy-ua.com";"1";"Enabled"
"362";"ereko.ru";"ereko.ru";"1";"Enabled"
"363";"erot.co";"erot.co";"1";"Enabled"
"364";"ertelecom.ru";"ertelecom.ru";"1";"Enabled"
"365";"escort-russian.com";"escort-russian.com";"1";"Enabled"
"366";"este-line.com.ua";"este-line.com.ua";"1";"Enabled"
"367";"etahotspot.lainit.it";"etahotspot.lainit.it";"1";"Enabled"
"368";"eu cookie law eu-cookie-law.info";"eu cookie law eu-cookie-law.info";"1";"Enabled"
"369";"eu-cookie-law-enforcement-#.xyz";"eu-cookie-law-enforcement-#.xyz";"1";"Enabled"
"370";"eu-cookie-law-enforcement-6.xyz";"eu-cookie-law-enforcement-6.xyz";"1";"Enabled"
"371";"eu-cookie-law-enforcement-7.xyz";"eu-cookie-law-enforcement-7.xyz";"1";"Enabled"
"372";"eu-cookie-law-enforcement2.xyz";"eu-cookie-law-enforcement2.xyz";"1";"Enabled"
"373";"eu-cookie-law.blogspot.com";"eu-cookie-law.blogspot.com";"1";"Enabled"
"374";"eu-cookie-law.info";"eu-cookie-law.info";"1";"Enabled"
"375";"euromasterclass.ru";"euromasterclass.ru";"1";"Enabled"
"376";"euronis-free.com";"euronis-free.com";"1";"Enabled"
"377";"europages.com.ru";"europages.com.ru";"1";"Enabled"
"378";"eurosamodelki.ru";"eurosamodelki.ru";"1";"Enabled"
"379";"event-tracking.com";"event-tracking.com";"1";"Enabled"
"380";"extener.com";"extener.com";"1";"Enabled"
"381";"extener.org";"extener.org";"1";"Enabled"
"382";"ezvcfucp.fr";"ezvcfucp.fr";"1";"Enabled"
"383";"facebook-mobile.xyz";"facebook-mobile.xyz";"1";"Enabled"
"384";"fanoboi.com";"fanoboi.com";"1";"Enabled"
"385";"fast-wordpress-start.com";"fast-wordpress-start.com";"1";"Enabled"
"386";"fbdownloader.com";"fbdownloader.com";"1";"Enabled"
"387";"fbfreegifts.com";"fbfreegifts.com";"1";"Enabled"
"388";"fealq.com";"fealq.com";"1";"Enabled"
"389";"feargames.ru";"feargames.ru";"1";"Enabled"
"390";"feedback.sharemyfile.ru";"feedback.sharemyfile.ru";"1";"Enabled"
"391";"feedouble.com";"feedouble.com";"1";"Enabled"
"392";"feedouble.net";"feedouble.net";"1";"Enabled"
"393";"femmesdenudees.com";"femmesdenudees.com";"1";"Enabled"
"394";"fermersovet.ru";"fermersovet.ru";"1";"Enabled"
"395";"fetti.ru";"fetti.ru";"1";"Enabled"
"396";"filmidivx.com";"filmidivx.com";"1";"Enabled"
"397";"find.rockettab.com";"find.rockettab.com";"1";"Enabled"
"398";"findeen.de";"findeen.de";"1";"Enabled"
"399";"finteks.ru";"finteks.ru";"1";"Enabled"
"400";"fix-website-errors.com";"fix-website-errors.com";"1";"Enabled"
"401";"fleetpijrat.us11.list-manage.com";"fleetpijrat.us11.list-manage.com";"1";"Enabled"
"402";"fleetpijrat.us11.list-manage1.com";"fleetpijrat.us11.list-manage1.com";"1";"Enabled"
"403";"floating-share-buttons.com";"floating-share-buttons.com";"1";"Enabled"
"404";"flooringinstallation-edmonton.com";"flooringinstallation-edmonton.com";"1";"Enabled"
"405";"flora.huh.harvard.edu";"flora.huh.harvard.edu";"1";"Enabled"
"406";"flprog.com";"flprog.com";"1";"Enabled"
"407";"fmyykj.com";"fmyykj.com";"1";"Enabled"
"408";"fo-factory.ru";"fo-factory.ru";"1";"Enabled"
"409";"folowsites.xyz";"folowsites.xyz";"1";"Enabled"
"410";"for-your.website";"for-your.website";"1";"Enabled"
"411";"foreignperspectives.com";"foreignperspectives.com";"1";"Enabled"
"412";"forex-procto.ru";"forex-procto.ru";"1";"Enabled"
"413";"forexgb.ru";"forexgb.ru";"1";"Enabled"
"414";"forsex.info";"forsex.info";"1";"Enabled"
"415";"forum.poker4life.ru";"forum.poker4life.ru";"1";"Enabled"
"416";"forum.topic.6hopping.com";"forum.topic.6hopping.com";"1";"Enabled"
"417";"forum.topic27407201.ilovevitaly.xyz";"forum.topic27407201.ilovevitaly.xyz";"1";"Enabled"
"418";"forum.topic30150499.ilovevitaly.xyz";"forum.topic30150499.ilovevitaly.xyz";"1";"Enabled"
"419";"forum.topic31625638.ilovevitaly.xyz";"forum.topic31625638.ilovevitaly.xyz";"1";"Enabled"
"420";"forum.topic33007703.ilovevitaly.xyz";"forum.topic33007703.ilovevitaly.xyz";"1";"Enabled"
"421";"forum.topic41419611.ilovevitaly.xyz";"forum.topic41419611.ilovevitaly.xyz";"1";"Enabled"
"422";"forum.topic42507729.6hopping.com";"forum.topic42507729.6hopping.com";"1";"Enabled"
"423";"forum.topic44573973.ilovevitaly.xyz";"forum.topic44573973.ilovevitaly.xyz";"1";"Enabled"
"424";"forum.topic45339555.ilovevitaly.xyz";"forum.topic45339555.ilovevitaly.xyz";"1";"Enabled"
"425";"forum.topic47997947.ilovevitaly.xyz";"forum.topic47997947.ilovevitaly.xyz";"1";"Enabled"
"426";"forum.topic48379382.darodar.com";"forum.topic48379382.darodar.com";"1";"Enabled"
"427";"forum.topic48968238.ilovevitaly.xyz";"forum.topic48968238.ilovevitaly.xyz";"1";"Enabled"
"428";"forum.topic49909345.ilovevitaly.xyz";"forum.topic49909345.ilovevitaly.xyz";"1";"Enabled"
"429";"forum.topic53791868.ilovevitaly.xyz";"forum.topic53791868.ilovevitaly.xyz";"1";"Enabled"
"430";"forum.topic55434276.ilovevitaly.xyz";"forum.topic55434276.ilovevitaly.xyz";"1";"Enabled"
"431";"forum.topic55452403.6hopping.com";"forum.topic55452403.6hopping.com";"1";"Enabled"
"432";"forum.topic55716820.6hopping.com";"forum.topic55716820.6hopping.com";"1";"Enabled"
"433";"forum.topic56860998.ilovevitaly.xyz";"forum.topic56860998.ilovevitaly.xyz";"1";"Enabled"
"434";"forum.topic61341467.6hopping.com";"forum.topic61341467.6hopping.com";"1";"Enabled"
"435";"forum.topic61341467.ilovevitaly.xyz";"forum.topic61341467.ilovevitaly.xyz";"1";"Enabled"
"436";"forum.topic63875055.ilovevitaly.xyz";"forum.topic63875055.ilovevitaly.xyz";"1";"Enabled"
"437";"forum.topic63876023.ilovevitaly.xyz";"forum.topic63876023.ilovevitaly.xyz";"1";"Enabled"
"438";"forum.topic65953161.ilovevitaly.xyz";"forum.topic65953161.ilovevitaly.xyz";"1";"Enabled"
"439";"forum.topic66866019.6hopping.com";"forum.topic66866019.6hopping.com";"1";"Enabled"
"440";"forum.topic68217544.ilovevitaly.xyz";"forum.topic68217544.ilovevitaly.xyz";"1";"Enabled"
"441";"forum.topic69673858.6hopping.com";"forum.topic69673858.6hopping.com";"1";"Enabled"
"442";"forum.topic70292530.ilovevitaly.xyz";"forum.topic70292530.ilovevitaly.xyz";"1";"Enabled"
"443";"forum.topic70768656.ilovevitaly.xyz";"forum.topic70768656.ilovevitaly.xyz";"1";"Enabled"
"444";"forum.topic72302112.ilovevitaly.xyz";"forum.topic72302112.ilovevitaly.xyz";"1";"Enabled"
"445";"forum.topic72975656.ghostvisitor.com";"forum.topic72975656.ghostvisitor.com";"1";"Enabled"
"446";"forum.topic73049031.ghostvisitor.com";"forum.topic73049031.ghostvisitor.com";"1";"Enabled"
"447";"forum.topic73114544.6hopping.com";"forum.topic73114544.6hopping.com";"1";"Enabled"
"448";"forum.topic73114544.ghostvisitor.com";"forum.topic73114544.ghostvisitor.com";"1";"Enabled"
"449";"forum.topic73187919.6hopping.com";"forum.topic73187919.6hopping.com";"1";"Enabled"
"450";"forum.topic73187919.ghostvisitor.com";"forum.topic73187919.ghostvisitor.com";"1";"Enabled"
"451";"forum.topic73187919.ilovevitaly.xyz";"forum.topic73187919.ilovevitaly.xyz";"1";"Enabled"
"452";"forum.topic73439363.ilovevitaly.xyz";"forum.topic73439363.ilovevitaly.xyz";"1";"Enabled"
"453";"forum.topic73677628.ilovevitaly.xyz";"forum.topic73677628.ilovevitaly.xyz";"1";"Enabled"
"454";"forum.topic73899613.ghostvisitor.com";"forum.topic73899613.ghostvisitor.com";"1";"Enabled"
"455";"forum.topic74038501.ghostvisitor.com";"forum.topic74038501.ghostvisitor.com";"1";"Enabled"
"456";"forum.topic74315022.ilovevitaly.xyz";"forum.topic74315022.ilovevitaly.xyz";"1";"Enabled"
"457";"forum.topic74768762.ilovevitaly.xyz";"forum.topic74768762.ilovevitaly.xyz";"1";"Enabled"
"458";"forum.topic74990171.ilovevitaly.xyz";"forum.topic74990171.ilovevitaly.xyz";"1";"Enabled"
"459";"forum.topic76376369.ghostvisitor.com";"forum.topic76376369.ghostvisitor.com";"1";"Enabled"
"460";"forum.topic76664404.ghostvisitor.com";"forum.topic76664404.ghostvisitor.com";"1";"Enabled"
"461";"forum.topic76803292.ghostvisitor.com";"forum.topic76803292.ghostvisitor.com";"1";"Enabled"
"462";"forum.topic77121945.ilovevitaly.xyz";"forum.topic77121945.ilovevitaly.xyz";"1";"Enabled"
"463";"forum.topic77418444.ghostvisitor.com";"forum.topic77418444.ghostvisitor.com";"1";"Enabled"
"464";"forum.topic77557332.ghostvisitor.com";"forum.topic77557332.ghostvisitor.com";"1";"Enabled"
"465";"forum.topic77944681.ghostvisitor.com";"forum.topic77944681.ghostvisitor.com";"1";"Enabled"
"466";"forum.topic78259892.ghostvisitor.com";"forum.topic78259892.ghostvisitor.com";"1";"Enabled"
"467";"forum.topic78323019.ghostvisitor.com";"forum.topic78323019.ghostvisitor.com";"1";"Enabled"
"468";"forum.topic78461907.ghostvisitor.com";"forum.topic78461907.ghostvisitor.com";"1";"Enabled"
"469";"forum20.smailik.org";"forum20.smailik.org";"1";"Enabled"
"470";"forum69.info";"forum69.info";"1";"Enabled"
"471";"forumsisadmina.ru";"forumsisadmina.ru";"1";"Enabled"
"472";"fredeco.com";"fredeco.com";"1";"Enabled"
"473";"free-floating-buttons.com";"free-floating-buttons.com";"1";"Enabled"
"474";"free-share-buttons-ccc.xyz";"free-share-buttons-ccc.xyz";"1";"Enabled"
"475";"free-share-buttons-ddd.xyz";"free-share-buttons-ddd.xyz";"1";"Enabled"
"476";"free-share-buttons-fff.xyz";"free-share-buttons-fff.xyz";"1";"Enabled"
"477";"free-share-buttons.ccc.xyz";"free-share-buttons.ccc.xyz";"1";"Enabled"
"478";"free-share-buttons.co";"free-share-buttons.co";"1";"Enabled"
"479";"free-share-buttons.com";"free-share-buttons.com";"1";"Enabled"
"480";"free-share-buttons.xyz";"free-share-buttons.xyz";"1";"Enabled"
"481";"free-social-buttons-aaa.xyz";"free-social-buttons-aaa.xyz";"1";"Enabled"
"482";"free-social-buttons-bbb.xyz";"free-social-buttons-bbb.xyz";"1";"Enabled"
"483";"free-social-buttons-ccc.xyz";"free-social-buttons-ccc.xyz";"1";"Enabled"
"484";"free-social-buttons-ddd.xyz";"free-social-buttons-ddd.xyz";"1";"Enabled"
"485";"free-social-buttons-iii.xyz";"free-social-buttons-iii.xyz";"1";"Enabled"
"486";"free-social-buttons.3xyz";"free-social-buttons.3xyz";"1";"Enabled"
"487";"free-social-buttons.com";"free-social-buttons.com";"1";"Enabled"
"488";"free-social-buttons.org";"free-social-buttons.org";"1";"Enabled"
"489";"free-social-buttons.xyz";"free-social-buttons.xyz";"1";"Enabled"
"490";"free-social-buttons1.xyz";"free-social-buttons1.xyz";"1";"Enabled"
"491";"free-social-buttons2.xyz";"free-social-buttons2.xyz";"1";"Enabled"
"492";"free-social-buttons4.xyz";"free-social-buttons4.xyz";"1";"Enabled"
"493";"free-social-buttons5.xyz";"free-social-buttons5.xyz";"1";"Enabled"
"494";"free-social-buttons6.xyz";"free-social-buttons6.xyz";"1";"Enabled"
"495";"free-social-buttons7.xyz";"free-social-buttons7.xyz";"1";"Enabled"
"496";"free-social-buttons8.xyz";"free-social-buttons8.xyz";"1";"Enabled"
"497";"free-social-buttons9.xyz";"free-social-buttons9.xyz";"1";"Enabled"
"498";"free-traffic.xyz";"free-traffic.xyz";"1";"Enabled"
"499";"free-video-tool.com";"free-video-tool.com";"1";"Enabled"
"500";"freewhatsappload.com";"freewhatsappload.com";"1";"Enabled"
"501";"fsalas.com";"fsalas.com";"1";"Enabled"
"502";"fuck-paid-share-buttons.xyz";"fuck-paid-share-buttons.xyz";"1";"Enabled"
"503";"futanari.blogporn.in";"futanari.blogporn.in";"1";"Enabled"
"504";"fvg.jmgrafisk.dk";"fvg.jmgrafisk.dk";"1";"Enabled"
"505";"gallien-krueger.value-sale.com";"gallien-krueger.value-sale.com";"1";"Enabled"
"506";"gamezebo.com";"gamezebo.com";"1";"Enabled"
"507";"gaygalls.net";"gaygalls.net";"1";"Enabled"
"508";"gazobetondom.com.ua";"gazobetondom.com.ua";"1";"Enabled"
"509";"gazoblok-gazobeton.com.ua";"gazoblok-gazobeton.com.ua";"1";"Enabled"
"510";"gelendzhik.xrus.org";"gelendzhik.xrus.org";"1";"Enabled"
"511";"generalporn.org";"generalporn.org";"1";"Enabled"
"512";"germes-trans.com";"germes-trans.com";"1";"Enabled"
"513";"get-free-social-traffic.com";"get-free-social-traffic.com";"1";"Enabled"
"514";"get-free-traffic-now.com";"get-free-traffic-now.com";"1";"Enabled"
"515";"get-your-social-buttons.info";"get-your-social-buttons.info";"1";"Enabled"
"516";"getlamborghini.ga";"getlamborghini.ga";"1";"Enabled"
"517";"getrichquick.ml";"getrichquick.ml";"1";"Enabled"
"518";"getrichquickly.info";"getrichquickly.info";"1";"Enabled"
"519";"getrichslowly.org";"getrichslowly.org";"1";"Enabled"
"520";"getyourprofit.net";"getyourprofit.net";"1";"Enabled"
"521";"ggbaker.com";"ggbaker.com";"1";"Enabled"
"522";"ghazel.ru";"ghazel.ru";"1";"Enabled"
"523";"ghostvisitor.com";"ghostvisitor.com";"1";"Enabled"
"524";"gingerhotels.com";"gingerhotels.com";"1";"Enabled"
"525";"girlporn.ru";"girlporn.ru";"1";"Enabled"
"526";"gkvector.ru";"gkvector.ru";"1";"Enabled"
"527";"glass-msk.ru";"glass-msk.ru";"1";"Enabled"
"528";"glavprofit.ru";"glavprofit.ru";"1";"Enabled"
"529";"glutenfreedetectiveagency.com";"glutenfreedetectiveagency.com";"1";"Enabled"
"530";"go.ekatalog.xyz";"go.ekatalog.xyz";"1";"Enabled"
"531";"gobongo.info";"gobongo.info";"1";"Enabled"
"532";"gogps.me";"gogps.me";"1";"Enabled"
"533";"goodprotein.ru";"goodprotein.ru";"1";"Enabled"
"534";"googleads.g.doubleclick.net";"googleads.g.doubleclick.net";"1";"Enabled"
"535";"googlemare.com";"googlemare.com";"1";"Enabled"
"536";"googlsucks.com";"googlsucks.com";"1";"Enabled"
"537";"govome.inspsearch.com";"govome.inspsearch.com";"1";"Enabled"
"538";"grand-chlen.ru";"grand-chlen.ru";"1";"Enabled"
"539";"gratuitbaise.com";"gratuitbaise.com";"1";"Enabled"
"540";"grokbase.com";"grokbase.com";"1";"Enabled"
"541";"groupmoney.ru";"groupmoney.ru";"1";"Enabled"
"542";"growshop.es";"growshop.es";"1";"Enabled"
"543";"gsmtlf.ru";"gsmtlf.ru";"1";"Enabled"
"544";"gtadrifting.net";"gtadrifting.net";"1";"Enabled"
"545";"guardlink.org";"guardlink.org";"1";"Enabled"
"546";"guruofcasino.com";"guruofcasino.com";"1";"Enabled"
"547";"gwnrg.com";"gwnrg.com";"1";"Enabled"
"548";"hacktoast.org";"hacktoast.org";"1";"Enabled"
"549";"hampshire-sites.xyz";"hampshire-sites.xyz";"1";"Enabled"
"550";"handicapvantoday.com";"handicapvantoday.com";"1";"Enabled"
"551";"handydirectory.co.uk";"handydirectory.co.uk";"1";"Enabled"
"552";"happy.new.yeartwit.com";"happy.new.yeartwit.com";"1";"Enabled"
"553";"hardcore.anzwers.net";"hardcore.anzwers.net";"1";"Enabled"
"554";"havens.co.uk";"havens.co.uk";"1";"Enabled"
"555";"havepussy.com";"havepussy.com";"1";"Enabled"
"556";"hdmoviecamera.net";"hdmoviecamera.net";"1";"Enabled"
"557";"healbio.ru";"healbio.ru";"1";"Enabled"
"558";"healgastro.com";"healgastro.com";"1";"Enabled"
"559";"healmytrauma.info";"healmytrauma.info";"1";"Enabled"
"560";"healthytheory.com";"healthytheory.com";"1";"Enabled"
"561";"hifidesign.ru";"hifidesign.ru";"1";"Enabled"
"562";"homelygarden.com";"homelygarden.com";"1";"Enabled"
"563";"hometube78.ru";"hometube78.ru";"1";"Enabled"
"564";"hometube79.ru";"hometube79.ru";"1";"Enabled"
"565";"hongfanji.com";"hongfanji.com";"1";"Enabled"
"566";"hongganji.com";"hongganji.com";"1";"Enabled"
"567";"hoporno.com";"hoporno.com";"1";"Enabled"
"568";"hosting-tracker.com";"hosting-tracker.com";"1";"Enabled"
"569";"how-to-earn-quick-money.com";"how-to-earn-quick-money.com";"1";"Enabled"
"570";"how.to.travel.and.make.66866019.money.online.for.free.with.maps.ilovevitaly.com";"how.to.travel.and.make.66866019.money.online.for.free.with.maps.ilovevitaly.com";"1";"Enabled"
"571";"how.to.travel.and.make.71282619.money.with.maps.ilikevitaly.com";"how.to.travel.and.make.71282619.money.with.maps.ilikevitaly.com";"1";"Enabled"
"572";"how.to.travel.and.make.money.online.for.free.with.maps.ilovevitaly.com";"how.to.travel.and.make.money.online.for.free.with.maps.ilovevitaly.com";"1";"Enabled"
"573";"how.to.travel.and.make.money.with.maps.ilikevitaly.com";"how.to.travel.and.make.money.with.maps.ilikevitaly.com";"1";"Enabled"
"574";"howopen.ru";"howopen.ru";"1";"Enabled"
"575";"howtostopreferralspam.com";"howtostopreferralspam.com";"1";"Enabled"
"576";"howtostopreferralspam.eu";"howtostopreferralspam.eu";"1";"Enabled"
"577";"hspline.com";"hspline.com";"1";"Enabled"
"578";"hulbee.com";"hulbee.com";"1";"Enabled"
"579";"hulfingtonpost.com";"hulfingtonpost.com";"1";"Enabled"
"580";"humanorightswatch.org";"humanorightswatch.org";"1";"Enabled"
"581";"hundejo.com";"hundejo.com";"1";"Enabled"
"582";"hvd-store.com";"hvd-store.com";"1";"Enabled"
"583";"hydropump.su";"hydropump.su";"1";"Enabled"
"584";"hyipmanager.in";"hyipmanager.in";"1";"Enabled"
"585";"iaswww.com";"iaswww.com";"1";"Enabled"
"586";"ico.re";"ico.re";"1";"Enabled"
"587";"idc.com.ua";"idc.com.ua";"1";"Enabled"
"588";"ideibiznesa2015.ru";"ideibiznesa2015.ru";"1";"Enabled"
"589";"iedit.ilovevitaly.com";"iedit.ilovevitaly.com";"1";"Enabled"
"590";"IfuckVitaly.com";"IfuckVitaly.com";"1";"Enabled"
"591";"igru-torrent.net";"igru-torrent.net";"1";"Enabled"
"592";"igru-xbox.net";"igru-xbox.net";"1";"Enabled"
"593";"ILikeVitaly.com";"ILikeVitaly.com";"1";"Enabled"
"594";"illagedusexe.com";"illagedusexe.com";"1";"Enabled"
"595";"iloveitaly.com";"iloveitaly.com";"1";"Enabled"
"596";"iloveitaly.ro";"iloveitaly.ro";"1";"Enabled"
"597";"iloveitaly.ru";"iloveitaly.ru";"1";"Enabled"
"598";"ILoveVitalii.com";"ILoveVitalii.com";"1";"Enabled"
"599";"ilovevitaly.co";"ilovevitaly.co";"1";"Enabled"
"600";"ilovevitaly.com";"ilovevitaly.com";"1";"Enabled"
"601";"ILoveVitaly.de";"ILoveVitaly.de";"1";"Enabled"
"602";"ILoveVitaly.es";"ILoveVitaly.es";"1";"Enabled"
"603";"ILoveVitaly.in";"ILoveVitaly.in";"1";"Enabled"
"604";"ilovevitaly.info";"ilovevitaly.info";"1";"Enabled"
"605";"ILoveVitaly.jp";"ILoveVitaly.jp";"1";"Enabled"
"606";"ILoveVitaly.Net";"ILoveVitaly.Net";"1";"Enabled"
"607";"ilovevitaly.org";"ilovevitaly.org";"1";"Enabled"
"608";"ILoveVitaly.pro";"ILoveVitaly.pro";"1";"Enabled"
"609";"ilovevitaly.ru";"ilovevitaly.ru";"1";"Enabled"
"610";"iminent.com";"iminent.com";"1";"Enabled"
"611";"imperiafilm.ru";"imperiafilm.ru";"1";"Enabled"
"612";"inbabes.sexushost.com";"inbabes.sexushost.com";"1";"Enabled"
"613";"increasewwwtraffic.info";"increasewwwtraffic.info";"1";"Enabled"
"614";"indcsqunikem.eu";"indcsqunikem.eu";"1";"Enabled"
"615";"index-au.com";"index-au.com";"1";"Enabled"
"616";"info-speed.com";"info-speed.com";"1";"Enabled"
"617";"insight.infolinks.com";"insight.infolinks.com";"1";"Enabled"
"618";"int.search.tb.ask.com";"int.search.tb.ask.com";"1";"Enabled"
"619";"inter.rs";"inter.rs";"1";"Enabled"
"620";"intervsem.ru";"intervsem.ru";"1";"Enabled"
"621";"investingclub.ru";"investingclub.ru";"1";"Enabled"
"622";"investpamm.ru";"investpamm.ru";"1";"Enabled"
"623";"inzn.ru";"inzn.ru";"1";"Enabled"
"624";"iqoption-bin.com";"iqoption-bin.com";"1";"Enabled"
"625";"iqoption.pro";"iqoption.pro";"1";"Enabled"
"626";"irkutsk.xrus.org";"irkutsk.xrus.org";"1";"Enabled"
"627";"isaserver.org";"isaserver.org";"1";"Enabled"
"628";"isistaylorporn.info";"isistaylorporn.info";"1";"Enabled"
"629";"iskalko.ru";"iskalko.ru";"1";"Enabled"
"630";"ispaniya-costa-blanca.ru";"ispaniya-costa-blanca.ru";"1";"Enabled"
"631";"istock-mebel.ru";"istock-mebel.ru";"1";"Enabled"
"632";"it-max.com.ua";"it-max.com.ua";"1";"Enabled"
"633";"it.yhs4.search.yahoo.com";"it.yhs4.search.yahoo.com";"1";"Enabled"
"634";"itbc.kiev.ua";"itbc.kiev.ua";"1";"Enabled"
"635";"iv.gtadrifting.net";"iv.gtadrifting.net";"1";"Enabled"
"636";"izhevsk.xrus.org";"izhevsk.xrus.org";"1";"Enabled"
"637";"izoll.ru";"izoll.ru";"1";"Enabled"
"638";"j-huebner.de";"j-huebner.de";"1";"Enabled"
"639";"japfm.com";"japfm.com";"1";"Enabled"
"640";"jeepgarage.org";"jeepgarage.org";"1";"Enabled"
"641";"jjbabskoe.ru";"jjbabskoe.ru";"1";"Enabled"
"642";"jm-aj.com";"jm-aj.com";"1";"Enabled"
"643";"joachimrohde.com";"joachimrohde.com";"1";"Enabled"
"644";"joinandplay.me";"joinandplay.me";"1";"Enabled"
"645";"joingames.org";"joingames.org";"1";"Enabled"
"646";"jouwpagina.nl";"jouwpagina.nl";"1";"Enabled"
"647";"juspe.no";"juspe.no";"1";"Enabled"
"648";"justprofit.xyz";"justprofit.xyz";"1";"Enabled"
"649";"justyou1118.com";"justyou1118.com";"1";"Enabled"
"650";"jw.org";"jw.org";"1";"Enabled"
"651";"kabbalah-red-bracelets.com";"kabbalah-red-bracelets.com";"1";"Enabled"
"652";"kambasoft.com";"kambasoft.com";"1";"Enabled"
"653";"kambasoft.om";"kambasoft.om";"1";"Enabled"
"654";"karadene.com";"karadene.com";"1";"Enabled"
"655";"karusel-market.ru";"karusel-market.ru";"1";"Enabled"
"656";"kazan.xrus.org";"kazan.xrus.org";"1";"Enabled"
"657";"kazrent.com";"kazrent.com";"1";"Enabled"
"658";"kclaus.com";"kclaus.com";"1";"Enabled"
"659";"kemerovo.xrus.org";"kemerovo.xrus.org";"1";"Enabled"
"660";"kenstat.net";"kenstat.net";"1";"Enabled"
"661";"keycode19438785.spacebarnot.work";"keycode19438785.spacebarnot.work";"1";"Enabled"
"662";"keywords-monitoring-success.com";"keywords-monitoring-success.com";"1";"Enabled"
"663";"keywords-monitoring-your-success.com";"keywords-monitoring-your-success.com";"1";"Enabled"
"664";"kinderok.com";"kinderok.com";"1";"Enabled"
"665";"kinds.biz";"kinds.biz";"1";"Enabled"
"666";"kingtale3.inspsearch.com";"kingtale3.inspsearch.com";"1";"Enabled"
"667";"kino-filmi.com";"kino-filmi.com";"1";"Enabled"
"668";"kino-fun.r";"kino-fun.r";"1";"Enabled"
"669";"kino-fun.ru";"kino-fun.ru";"1";"Enabled"
"670";"kino-key.info";"kino-key.info";"1";"Enabled"
"671";"kinobaks.com";"kinobaks.com";"1";"Enabled"
"672";"kinopolet.net";"kinopolet.net";"1";"Enabled"
"673";"kirov.xrus.org";"kirov.xrus.org";"1";"Enabled"
"674";"kiwe-analytics.com";"kiwe-analytics.com";"1";"Enabled"
"675";"kmprospect.azurewebsites.net0n-line.tv";"kmprospect.azurewebsites.net0n-line.tv";"1";"Enabled"
"676";"knigonosha.net";"knigonosha.net";"1";"Enabled"
"677";"komputers-best.ru";"komputers-best.ru";"1";"Enabled"
"678";"konkursov.net";"konkursov.net";"1";"Enabled"
"679";"kostroma.xrus.org";"kostroma.xrus.org";"1";"Enabled"
"680";"krasivoe-hd.com";"krasivoe-hd.com";"1";"Enabled"
"681";"krasnodar.xrus.org";"krasnodar.xrus.org";"1";"Enabled"
"682";"krasnoyarsk.xrus.org";"krasnoyarsk.xrus.org";"1";"Enabled"
"683";"krynica.info";"krynica.info";"1";"Enabled"
"684";"kswien.at";"kswien.at";"1";"Enabled"
"685";"kupit-adenu.ru";"kupit-adenu.ru";"1";"Enabled"
"686";"kvectim.ru";"kvectim.ru";"1";"Enabled"
"687";"kwoori.org";"kwoori.org";"1";"Enabled"
"688";"kxyzpl.fr";"kxyzpl.fr";"1";"Enabled"
"689";"la-fa.ru";"la-fa.ru";"1";"Enabled"
"690";"labplus.ru";"labplus.ru";"1";"Enabled"
"691";"ladykrossovki.ru";"ladykrossovki.ru";"1";"Enabled"
"692";"lakesimg.com";"lakesimg.com";"1";"Enabled"
"693";"latin.porndairy.in";"latin.porndairy.in";"1";"Enabled"
"694";"laurenconrad.com";"laurenconrad.com";"1";"Enabled"
"695";"law-enforcement-bb.xyz";"law-enforcement-bb.xyz";"1";"Enabled"
"696";"law-enforcement-bot-aa.xyz";"law-enforcement-bot-aa.xyz";"1";"Enabled"
"697";"law-enforcement-bot-cc.xyz";"law-enforcement-bot-cc.xyz";"1";"Enabled"
"698";"law-enforcement-bot-dd.xyz";"law-enforcement-bot-dd.xyz";"1";"Enabled"
"699";"law-enforcement-bot-ee.xyz";"law-enforcement-bot-ee.xyz";"1";"Enabled"
"700";"law-enforcement-bot-ff.xyz";"law-enforcement-bot-ff.xyz";"1";"Enabled"
"701";"law-enforcement-bot-gg.xyz";"law-enforcement-bot-gg.xyz";"1";"Enabled"
"702";"law-enforcement-bot-hh.xyz";"law-enforcement-bot-hh.xyz";"1";"Enabled"
"703";"law-enforcement-bot-ii.xyz";"law-enforcement-bot-ii.xyz";"1";"Enabled"
"704";"law-enforcement-check-four.xyz";"law-enforcement-check-four.xyz";"1";"Enabled"
"705";"law-enforcement-check-one.xyz";"law-enforcement-check-one.xyz";"1";"Enabled"
"706";"law-enforcement-check-three.xyz";"law-enforcement-check-three.xyz";"1";"Enabled"
"707";"law-enforcement-check-two.xyz";"law-enforcement-check-two.xyz";"1";"Enabled"
"708";"law-enforcement-dd.xyz";"law-enforcement-dd.xyz";"1";"Enabled"
"709";"law-enforcement-ee.xyz";"law-enforcement-ee.xyz";"1";"Enabled"
"710";"law-enforcement-ff.xyz";"law-enforcement-ff.xyz";"1";"Enabled"
"711";"law-enforcement-gg.xyz";"law-enforcement-gg.xyz";"1";"Enabled"
"712";"law-enforcement-hh.xyz";"law-enforcement-hh.xyz";"1";"Enabled"
"713";"law-enforcement-ii.xyz";"law-enforcement-ii.xyz";"1";"Enabled"
"714";"law-one.xyz";"law-one.xyz";"1";"Enabled"
"715";"law-three.xyz";"law-three.xyz";"1";"Enabled"
"716";"laxdrills.com";"laxdrills.com";"1";"Enabled"
"717";"leafwind.me";"leafwind.me";"1";"Enabled"
"718";"leatherup.com";"leatherup.com";"1";"Enabled"
"719";"ledekole.com";"ledekole.com";"1";"Enabled"
"720";"leedongin.com";"leedongin.com";"1";"Enabled"
"721";"lego4x4.ru";"lego4x4.ru";"1";"Enabled"
"722";"lemoteur.orange.fr";"lemoteur.orange.fr";"1";"Enabled"
"723";"lenoreno.com";"lenoreno.com";"1";"Enabled"
"724";"lesbianhentai.xblog.in";"lesbianhentai.xblog.in";"1";"Enabled"
"725";"lesbianmilf.xblog.in";"lesbianmilf.xblog.in";"1";"Enabled"
"726";"letolove.ru";"letolove.ru";"1";"Enabled"
"727";"letous.ru";"letous.ru";"1";"Enabled"
"728";"lib.uoi.gr";"lib.uoi.gr";"1";"Enabled"
"729";"light.ifmo.ru";"light.ifmo.ru";"1";"Enabled"
"730";"likesdesign.com";"likesdesign.com";"1";"Enabled"
"731";"lilishopstogether.com";"lilishopstogether.com";"1";"Enabled"
"732";"line.tv";"line.tv";"1";"Enabled"
"733";"linindex.bix";"linindex.bix";"1";"Enabled"
"734";"link.web-list.xyz";"link.web-list.xyz";"1";"Enabled"
"735";"linkdirect.info";"linkdirect.info";"1";"Enabled"
"736";"linkman.io";"linkman.io";"1";"Enabled"
"737";"linksresources.net";"linksresources.net";"1";"Enabled"
"738";"linkssubmit.net";"linkssubmit.net";"1";"Enabled"
"739";"lirunet.ru";"lirunet.ru";"1";"Enabled"
"740";"littleberry.ru";"littleberry.ru";"1";"Enabled"
"741";"livefixer.com";"livefixer.com";"1";"Enabled"
"742";"loanvillage.com";"loanvillage.com";"1";"Enabled"
"743";"lomb.co";"lomb.co";"1";"Enabled"
"744";"long.dk";"long.dk";"1";"Enabled"
"745";"lost-alpha.ru";"lost-alpha.ru";"1";"Enabled"
"746";"loveawake.ru";"loveawake.ru";"1";"Enabled"
"747";"lover.ru";"lover.ru";"1";"Enabled"
"748";"LoveVitaly.com";"LoveVitaly.com";"1";"Enabled"
"749";"lsblogs.com";"lsblogs.com";"1";"Enabled"
"750";"lsex.xyz";"lsex.xyz";"1";"Enabled"
"751";"lumb.co";"lumb.co";"1";"Enabled"
"752";"lumi.do";"lumi.do";"1";"Enabled"
"753";"luxup.ru";"luxup.ru";"1";"Enabled"
"754";"m-google.xyz";"m-google.xyz";"1";"Enabled"
"755";"magazine.ouishare.net";"magazine.ouishare.net";"1";"Enabled"
"756";"magicdiet.gq";"magicdiet.gq";"1";"Enabled"
"757";"magnitogorsk.xrus.org";"magnitogorsk.xrus.org";"1";"Enabled"
"758";"make-money-online.com";"make-money-online.com";"1";"Enabled"
"759";"makemoneyonline.com";"makemoneyonline.com";"1";"Enabled"
"760";"makeprogress.ga";"makeprogress.ga";"1";"Enabled"
"761";"maladot.com";"maladot.com";"1";"Enabled"
"762";"manualterap.roleforum.ru";"manualterap.roleforum.ru";"1";"Enabled"
"763";"maps.ilovevitaly.com";"maps.ilovevitaly.com";"1";"Enabled"
"764";"marc.ttias.be";"marc.ttias.be";"1";"Enabled"
"765";"maridan.com.ua";"maridan.com.ua";"1";"Enabled"
"766";"marketland.ml";"marketland.ml";"1";"Enabled"
"767";"markmail.org";"markmail.org";"1";"Enabled"
"768";"masterseek.com";"masterseek.com";"1";"Enabled"
"769";"mastershef.club";"mastershef.club";"1";"Enabled"
"770";"mastersurreal.nl";"mastersurreal.nl";"1";"Enabled"
"771";"mature.free-websites.com";"mature.free-websites.com";"1";"Enabled"
"772";"maxentropy.net";"maxentropy.net";"1";"Enabled"
"773";"mebelcomplekt.ru";"mebelcomplekt.ru";"1";"Enabled"
"774";"mebeldekor.com.ua";"mebeldekor.com.ua";"1";"Enabled"
"775";"med-zdorovie.com.ua";"med-zdorovie.com.ua";"1";"Enabled"
"776";"meds-online24.com";"meds-online24.com";"1";"Enabled"
"777";"meendo-free-traffic.ga";"meendo-free-traffic.ga";"1";"Enabled"
"778";"megamozg.ru";"megamozg.ru";"1";"Enabled"
"779";"memovn.com";"memovn.com";"1";"Enabled"
"780";"mercedes.afora.ru";"mercedes.afora.ru";"1";"Enabled"
"781";"mfrancisco.com";"mfrancisco.com";"1";"Enabled"
"782";"micasainvest.com";"micasainvest.com";"1";"Enabled"
"783";"minegam.com";"minegam.com";"1";"Enabled"
"784";"mini.7zap.com";"mini.7zap.com";"1";"Enabled"
"785";"minyetki.ru";"minyetki.ru";"1";"Enabled"
"786";"mir-business-24.ru";"mir-business-24.ru";"1";"Enabled"
"787";"mirobuvi.com.ua";"mirobuvi.com.ua";"1";"Enabled"
"788";"mirtorrent.net";"mirtorrent.net";"1";"Enabled"
"789";"mistress.xblog.in";"mistress.xblog.in";"1";"Enabled"
"790";"mitrasound.ru";"mitrasound.ru";"1";"Enabled"
"791";"mlizcochico.com";"mlizcochico.com";"1";"Enabled"
"792";"mmog-play.ru";"mmog-play.ru";"1";"Enabled"
"793";"mobilemedia.md";"mobilemedia.md";"1";"Enabled"
"794";"mobot.site";"mobot.site";"1";"Enabled"
"795";"modabutik.ru";"modabutik.ru";"1";"Enabled"
"796";"mojam3.com";"mojam3.com";"1";"Enabled"
"797";"monetizationking.net";"monetizationking.net";"1";"Enabled"
"798";"money-every-day.com";"money-every-day.com";"1";"Enabled"
"799";"moneymaster.ru";"moneymaster.ru";"1";"Enabled"
"800";"moneytop.ru";"moneytop.ru";"1";"Enabled"
"801";"monitor-your-success.com";"monitor-your-success.com";"1";"Enabled"
"802";"moscow-region.ru";"moscow-region.ru";"1";"Enabled"
"803";"moscow.xrus.org";"moscow.xrus.org";"1";"Enabled"
"804";"mototsikl.org";"mototsikl.org";"1";"Enabled"
"805";"moyakuhnia.ru";"moyakuhnia.ru";"1";"Enabled"
"806";"mp3boo.cc";"mp3boo.cc";"1";"Enabled"
"807";"mp3ster.com";"mp3ster.com";"1";"Enabled"
"808";"mriyadh.com";"mriyadh.com";"1";"Enabled"
"809";"mrprrebtsd.com";"mrprrebtsd.com";"1";"Enabled"
"810";"msk.afora.ru";"msk.afora.ru";"1";"Enabled"
"811";"muscle-factory.com.ua";"muscle-factory.com.ua";"1";"Enabled"
"812";"musicprojectfoundation.com";"musicprojectfoundation.com";"1";"Enabled"
"813";"muz-shoes.ru";"muz-shoes.ru";"1";"Enabled"
"814";"my-big-family.com";"my-big-family.com";"1";"Enabled"
"815";"myfeetish.com";"myfeetish.com";"1";"Enabled"
"816";"myftpupload.com";"myftpupload.com";"1";"Enabled"
"817";"myhealthcare.com";"myhealthcare.com";"1";"Enabled"
"818";"myhomeideas.com";"myhomeideas.com";"1";"Enabled"
"819";"myprintscreen.com";"myprintscreen.com";"1";"Enabled"
"820";"mystart.dealwifi.com";"mystart.dealwifi.com";"1";"Enabled"
"821";"mystart3.dealwifi.com";"mystart3.dealwifi.com";"1";"Enabled"
"822";"mywbs.com";"mywbs.com";"1";"Enabled"
"823";"na-telefon.biz";"na-telefon.biz";"1";"Enabled"
"824";"nagdak.ru";"nagdak.ru";"1";"Enabled"
"825";"naturehelps.me";"naturehelps.me";"1";"Enabled"
"826";"naymz.com";"naymz.com";"1";"Enabled"
"827";"nedforspid.ru";"nedforspid.ru";"1";"Enabled"
"828";"net-profits.xyz";"net-profits.xyz";"1";"Enabled"
"829";"netpics.org";"netpics.org";"1";"Enabled"
"830";"netsidebar.com";"netsidebar.com";"1";"Enabled"
"831";"nevinwilliams.com";"nevinwilliams.com";"1";"Enabled"
"832";"new-look.-for-your.website";"new-look.-for-your.website";"1";"Enabled"
"833";"new-look.for-your.website";"new-look.for-your.website";"1";"Enabled"
"834";"nigma.ru";"nigma.ru";"1";"Enabled"
"835";"niki-mlt.ru";"niki-mlt.ru";"1";"Enabled"
"836";"nikkicox.dk";"nikkicox.dk";"1";"Enabled"
"837";"nimfa.pro";"nimfa.pro";"1";"Enabled"
"838";"noelbarrett.com";"noelbarrett.com";"1";"Enabled"
"839";"northernfreemason.com";"northernfreemason.com";"1";"Enabled"
"840";"notify.bluecoat.com";"notify.bluecoat.com";"1";"Enabled"
"841";"notify.vwag.com";"notify.vwag.com";"1";"Enabled"
"842";"novgorod.xrus.org";"novgorod.xrus.org";"1";"Enabled"
"843";"novosibirsk.xrus.org";"novosibirsk.xrus.org";"1";"Enabled"
"844";"novosti-hi-tech.ru";"novosti-hi-tech.ru";"1";"Enabled"
"845";"nudeside.com";"nudeside.com";"1";"Enabled"
"846";"nufaq.com";"nufaq.com";"1";"Enabled"
"847";"numrinje.com";"numrinje.com";"1";"Enabled"
"848";"o-o-6-o-o.com";"o-o-6-o-o.com";"1";"Enabled"
"849";"o-o-6-o-o.ru";"o-o-6-o-o.ru";"1";"Enabled"
"850";"o-o-8-o-o-.com";"o-o-8-o-o-.com";"1";"Enabled"
"851";"o-o-8-o-o.com";"o-o-8-o-o.com";"1";"Enabled"
"852";"o-o-8-o-o.ru";"o-o-8-o-o.ru";"1";"Enabled"
"853";"objectmix.com";"objectmix.com";"1";"Enabled"
"854";"office-windows.ru";"office-windows.ru";"1";"Enabled"
"855";"ok.ru";"ok.ru";"1";"Enabled"
"856";"okumc.net";"okumc.net";"1";"Enabled"
"857";"omsk.xrus.org";"omsk.xrus.org";"1";"Enabled"
"858";"online-hit.info";"online-hit.info";"1";"Enabled"
"859";"onlinetvseries.me";"onlinetvseries.me";"1";"Enabled"
"860";"onlinetvseries.me/ referral";"onlinetvseries.me/ referral";"1";"Enabled"
"861";"onlyasiangayporn.blogspot.com";"onlyasiangayporn.blogspot.com";"1";"Enabled"
"862";"onlyforemont.ru";"onlyforemont.ru";"1";"Enabled"
"863";"onlywoman.org";"onlywoman.org";"1";"Enabled"
"864";"oonly.com";"oonly.com";"1";"Enabled"
"865";"ooo-olni.ru";"ooo-olni.ru";"1";"Enabled"
"866";"openfrost.com";"openfrost.com";"1";"Enabled"
"867";"openfrost.net";"openfrost.net";"1";"Enabled"
"868";"openmediasoft.com";"openmediasoft.com";"1";"Enabled"
"869";"ordernorxx.com";"ordernorxx.com";"1";"Enabled"
"870";"origin-my.ru";"origin-my.ru";"1";"Enabled"
"871";"osits.com";"osits.com";"1";"Enabled"
"872";"outlook.live.com";"outlook.live.com";"1";"Enabled"
"873";"outshop.ru";"outshop.ru";"1";"Enabled"
"874";"ownshop.cf";"ownshop.cf";"1";"Enabled"
"875";"ozas.net";"ozas.net";"1";"Enabled"
"876";"p-business.ru";"p-business.ru";"1";"Enabled"
"877";"palvira.com.ua";"palvira.com.ua";"1";"Enabled"
"878";"pechikamini.ru";"pechikamini.ru";"1";"Enabled"
"879";"perm.afora.ru";"perm.afora.ru";"1";"Enabled"
"880";"perm.xrus.org";"perm.xrus.org";"1";"Enabled"
"881";"petrovka-online.com";"petrovka-online.com";"1";"Enabled"
"882";"photokitchendesign.com";"photokitchendesign.com";"1";"Enabled"
"883";"pic2fly.com";"pic2fly.com";"1";"Enabled"
"884";"piter.xrus.org";"piter.xrus.org";"1";"Enabled"
"885";"pizza-imperia.com";"pizza-imperia.com";"1";"Enabled"
"886";"pizza-tycoon.com";"pizza-tycoon.com";"1";"Enabled"
"887";"platesauto.com";"platesauto.com";"1";"Enabled"
"888";"play-internet.pl";"play-internet.pl";"1";"Enabled"
"889";"playboyfiles.xblog.in";"playboyfiles.xblog.in";"1";"Enabled"
"890";"playtainment-studios.com";"playtainment-studios.com";"1";"Enabled"
"891";"plusnetwork.com";"plusnetwork.com";"1";"Enabled"
"892";"popads.net";"popads.net";"1";"Enabled"
"893";"pops.foundation";"pops.foundation";"1";"Enabled"
"894";"pornhub-forum.ga";"pornhub-forum.ga";"1";"Enabled"
"895";"pornhub-forum.uni.me";"pornhub-forum.uni.me";"1";"Enabled"
"896";"pornhub-ru.com";"pornhub-ru.com";"1";"Enabled"
"897";"pornhubforum.tk";"pornhubforum.tk";"1";"Enabled"
"898";"porno-video-chati.ru";"porno-video-chati.ru";"1";"Enabled"
"899";"pornoblood.com";"pornoblood.com";"1";"Enabled"
"900";"pornodojd.ru";"pornodojd.ru";"1";"Enabled"
"901";"pornoforadult.com";"pornoforadult.com";"1";"Enabled"
"902";"pornogig.com";"pornogig.com";"1";"Enabled"
"903";"pornophoto.xyz";"pornophoto.xyz";"1";"Enabled"
"904";"pornostate.tv";"pornostate.tv";"1";"Enabled"
"905";"portnoff.od.ua";"portnoff.od.ua";"1";"Enabled"
"906";"posharp.com";"posharp.com";"1";"Enabled"
"907";"powitania.pl";"powitania.pl";"1";"Enabled"
"908";"pozdravleniya-c.ru";"pozdravleniya-c.ru";"1";"Enabled"
"909";"pozdrawleniya.com";"pozdrawleniya.com";"1";"Enabled"
"910";"prepodka.net";"prepodka.net";"1";"Enabled"
"911";"priceg.com";"priceg.com";"1";"Enabled"
"912";"pricheski-video.com";"pricheski-video.com";"1";"Enabled"
"913";"pricingit.top";"pricingit.top";"1";"Enabled"
"914";"privatov-zapisi.ru";"privatov-zapisi.ru";"1";"Enabled"
"915";"prlog.ru";"prlog.ru";"1";"Enabled"
"916";"processregister.com";"processregister.com";"1";"Enabled"
"917";"producm.ru";"producm.ru";"1";"Enabled"
"918";"productivus.com";"productivus.com";"1";"Enabled"
"919";"prodvigator.ua";"prodvigator.ua";"1";"Enabled"
"920";"proekt-mos.ru";"proekt-mos.ru";"1";"Enabled"
"921";"prointer.net.ua";"prointer.net.ua";"1";"Enabled"
"922";"prokotov.com";"prokotov.com";"1";"Enabled"
"923";"prombudpostach.com.ua";"prombudpostach.com.ua";"1";"Enabled"
"924";"prometeimd.com";"prometeimd.com";"1";"Enabled"
"925";"promoforum.ru";"promoforum.ru";"1";"Enabled"
"926";"pronekut.com";"pronekut.com";"1";"Enabled"
"927";"provatedns.com";"provatedns.com";"1";"Enabled"
"928";"proverbialwoman.com";"proverbialwoman.com";"1";"Enabled"
"929";"psa48.ru";"psa48.ru";"1";"Enabled"
"930";"purchasepillsnorx.com";"purchasepillsnorx.com";"1";"Enabled"
"931";"qitt.ru";"qitt.ru";"1";"Enabled"
"932";"qnalist.com";"qnalist.com";"1";"Enabled"
"933";"qualitymarketzone.com";"qualitymarketzone.com";"1";"Enabled"
"934";"quick-seeker.com";"quick-seeker.com";"1";"Enabled"
"935";"quit-smoking.ga";"quit-smoking.ga";"1";"Enabled"
"936";"qwesa.ru";"qwesa.ru";"1";"Enabled"
"937";"r.duckduckgo.com";"r.duckduckgo.com";"1";"Enabled"
"938";"rabotaetvse.ru";"rabotaetvse.ru";"1";"Enabled"
"939";"rachaeledwards.com";"rachaeledwards.com";"1";"Enabled"
"940";"raibledesigns.com";"raibledesigns.com";"1";"Enabled"
"941";"raleightrianglerelocation.com";"raleightrianglerelocation.com";"1";"Enabled"
"942";"rank-checker.online";"rank-checker.online";"1";"Enabled"
"943";"rank.checker.online";"rank.checker.online";"1";"Enabled"
"944";"rankings-analytics.com";"rankings-analytics.com";"1";"Enabled"
"945";"ranksonic.com";"ranksonic.com";"1";"Enabled"
"946";"ranksonic.info";"ranksonic.info";"1";"Enabled"
"947";"ranksonic.net";"ranksonic.net";"1";"Enabled"
"948";"ranksonic.org";"ranksonic.org";"1";"Enabled"
"949";"rapidenetwork.eu";"rapidenetwork.eu";"1";"Enabled"
"950";"rapidgator-porn.ga";"rapidgator-porn.ga";"1";"Enabled"
"951";"rcb101.ru";"rcb101.ru";"1";"Enabled"
"952";"realnye-otzyvy.info";"realnye-otzyvy.info";"1";"Enabled"
"953";"realwire.com";"realwire.com";"1";"Enabled"
"954";"recipedays.ru";"recipedays.ru";"1";"Enabled"
"955";"recordstoreday.com";"recordstoreday.com";"1";"Enabled"
"956";"recsil.org";"recsil.org";"1";"Enabled"
"957";"rednise.com";"rednise.com";"1";"Enabled"
"958";"remontgruzovik.ru";"remontgruzovik.ru";"1";"Enabled"
"959";"replicaclub.ru";"replicaclub.ru";"1";"Enabled"
"960";"research.ifmo.ru";"research.ifmo.ru";"1";"Enabled"
"961";"resellerclub.com";"resellerclub.com";"1";"Enabled"
"962";"responsesource.com";"responsesource.com";"1";"Enabled"
"963";"responsive-test.net";"responsive-test.net";"1";"Enabled"
"964";"results.searchlock3.com";"results.searchlock3.com";"1";"Enabled"
"965";"retroliners.com";"retroliners.com";"1";"Enabled"
"966";"reversing.cc";"reversing.cc";"1";"Enabled"
"967";"revusa.com";"revusa.com";"1";"Enabled"
"968";"rheos.uk";"rheos.uk";"1";"Enabled"
"969";"rightenergysolutions.com.au";"rightenergysolutions.com.au";"1";"Enabled"
"970";"ring4rhino.com";"ring4rhino.com";"1";"Enabled"
"971";"romaniaindex.com";"romaniaindex.com";"1";"Enabled"
"972";"rospromtest.ru";"rospromtest.ru";"1";"Enabled"
"973";"rostov-don.ru";"rostov-don.ru";"1";"Enabled"
"974";"rostov.xrus.org";"rostov.xrus.org";"1";"Enabled"
"975";"royal-betting.net";"royal-betting.net";"1";"Enabled"
"976";"royal-investments.net";"royal-investments.net";"1";"Enabled"
"977";"ru-z.ru";"ru-z.ru";"1";"Enabled"
"978";"ru.meteotrend.com";"ru.meteotrend.com";"1";"Enabled"
"979";"runovschool.ua";"runovschool.ua";"1";"Enabled"
"980";"runstocks.com";"runstocks.com";"1";"Enabled"
"981";"rusexy.xyz";"rusexy.xyz";"1";"Enabled"
"982";"rvtv.ru";"rvtv.ru";"1";"Enabled"
"983";"ryans-air-adventures.com";"ryans-air-adventures.com";"1";"Enabled"
"984";"s.click.aliexpress.com";"s.click.aliexpress.com";"1";"Enabled"
"985";"sachaan.com";"sachaan.com";"1";"Enabled"
"986";"sad-torg.com.ua";"sad-torg.com.ua";"1";"Enabled"
"987";"sady-urala.ru";"sady-urala.ru";"1";"Enabled"
"988";"saitevpatorii.com";"saitevpatorii.com";"1";"Enabled"
"989";"sale-japan.com";"sale-japan.com";"1";"Enabled"
"990";"samara.xrus.org";"samara.xrus.org";"1";"Enabled"
"991";"samo-soznanie.ru";"samo-soznanie.ru";"1";"Enabled"
"992";"samsungitem.com";"samsungitem.com";"1";"Enabled"
"993";"sanjosestartups.com";"sanjosestartups.com";"1";"Enabled"
"994";"santasgift.ml";"santasgift.ml";"1";"Enabled"
"995";"saratov.xrus.org";"saratov.xrus.org";"1";"Enabled"
"996";"satellite.maps.ilovevitaly.com";"satellite.maps.ilovevitaly.com";"1";"Enabled"
"997";"savetubevideo.com";"savetubevideo.com";"1";"Enabled"
"998";"scanrating.ru";"scanrating.ru";"1";"Enabled"
"999";"screentoolkit.com";"screentoolkit.com";"1";"Enabled"
"1000";"scripted.com";"scripted.com";"1";"Enabled"
"1001";"sdi-pme.com";"sdi-pme.com";"1";"Enabled"
"1002";"search-disal.com";"search-disal.com";"1";"Enabled"
"1003";"search-error.com";"search-error.com";"1";"Enabled"
"1004";"search-gusta.com";"search-gusta.com";"1";"Enabled"
"1005";"search-relate.com";"search-relate.com";"1";"Enabled"
"1006";"search.clearch.org";"search.clearch.org";"1";"Enabled"
"1007";"search.nifty.com";"search.nifty.com";"1";"Enabled"
"1008";"search.pch.com";"search.pch.com";"1";"Enabled"
"1009";"search.socialdownloadr.com";"search.socialdownloadr.com";"1";"Enabled"
"1010";"search.tb.ask.com";"search.tb.ask.com";"1";"Enabled"
"1011";"searchingdirector.com";"searchingdirector.com";"1";"Enabled"
"1012";"searchlock.com";"searchlock.com";"1";"Enabled"
"1013";"searchthis.com";"searchthis.com";"1";"Enabled"
"1014";"see-your-website-here.com";"see-your-website-here.com";"1";"Enabled"
"1015";"semalt.com";"semalt.com";"1";"Enabled"
"1016";"semalt.semalt.com";"semalt.semalt.com";"1";"Enabled"
"1017";"semaltmedia.com";"semaltmedia.com";"1";"Enabled"
"1018";"seo-2-0.com";"seo-2-0.com";"1";"Enabled"
"1019";"seo-platform.com";"seo-platform.com";"1";"Enabled"
"1020";"seo-smm.kz";"seo-smm.kz";"1";"Enabled"
"1021";"seoanalyses.com";"seoanalyses.com";"1";"Enabled"
"1022";"seoexperimenty.ru";"seoexperimenty.ru";"1";"Enabled"
"1023";"seokicks.de";"seokicks.de";"1";"Enabled"
"1024";"seopub.net";"seopub.net";"1";"Enabled"
"1025";"serplab.co.uk";"serplab.co.uk";"1";"Enabled"
"1026";"serw.clicksor.com";"serw.clicksor.com";"1";"Enabled"
"1027";"sexkrasivo.net";"sexkrasivo.net";"1";"Enabled"
"1028";"sexphoto.site";"sexphoto.site";"1";"Enabled"
"1029";"sexsaoy.com";"sexsaoy.com";"1";"Enabled"
"1030";"sexyali.com";"sexyali.com";"1";"Enabled"
"1031";"sexyteens.hol.es";"sexyteens.hol.es";"1";"Enabled"
"1032";"share buttons sharebutton.org";"share buttons sharebutton.org";"1";"Enabled"
"1033";"share-button.xyz";"share-button.xyz";"1";"Enabled"
"1034";"share-buttons.xyz";"share-buttons.xyz";"1";"Enabled"
"1035";"sharebutton.net";"sharebutton.net";"1";"Enabled"
"1036";"sharebutton.org";"sharebutton.org";"1";"Enabled"
"1037";"sharebutton.to";"sharebutton.to";"1";"Enabled"
"1038";"shemalegalls.blogporn.in";"shemalegalls.blogporn.in";"1";"Enabled"
"1039";"shindanshi-net.com";"shindanshi-net.com";"1";"Enabled"
"1040";"ship-marvel.co.ua";"ship-marvel.co.ua";"1";"Enabled"
"1041";"shodanhq.com";"shodanhq.com";"1";"Enabled"
"1042";"shop.xz618.com";"shop.xz618.com";"1";"Enabled"
"1043";"shopping.ilovevitaly.com";"shopping.ilovevitaly.com";"1";"Enabled"
"1044";"shopvilleroyboch.com.ua";"shopvilleroyboch.com.ua";"1";"Enabled"
"1045";"shopvilleroyboch.ru";"shopvilleroyboch.ru";"1";"Enabled"
"1046";"shorree.org";"shorree.org";"1";"Enabled"
"1047";"shtaketniki.ru";"shtaketniki.ru";"1";"Enabled"
"1048";"sibecoprom.ru";"sibecoprom.ru";"1";"Enabled"
"1049";"sighbercafe.com";"sighbercafe.com";"1";"Enabled"
"1050";"silvermature.net";"silvermature.net";"1";"Enabled"
"1051";"similarto.us";"similarto.us";"1";"Enabled"
"1052";"similiarpages.com";"similiarpages.com";"1";"Enabled"
"1053";"simple-share-buttons.com";"simple-share-buttons.com";"1";"Enabled"
"1054";"sims-sims.ru";"sims-sims.ru";"1";"Enabled"
"1055";"site-41419611-1.snip.tw";"site-41419611-1.snip.tw";"1";"Enabled"
"1056";"site-45640949-1.snip.tw";"site-45640949-1.snip.tw";"1";"Enabled"
"1057";"site-48468546-1.snip.tw";"site-48468546-1.snip.tw";"1";"Enabled"
"1058";"site-50821359-1.snip.tw";"site-50821359-1.snip.tw";"1";"Enabled"
"1059";"site-53396963-1.snip.tw";"site-53396963-1.snip.tw";"1";"Enabled"
"1060";"site-59157769-1.snip.tw";"site-59157769-1.snip.tw";"1";"Enabled"
"1061";"site-61728105-1.snip.tw";"site-61728105-1.snip.tw";"1";"Enabled"
"1062";"site-66192413-1.snip.tw";"site-66192413-1.snip.tw";"1";"Enabled"
"1063";"site-71295210-1.snip.tw";"site-71295210-1.snip.tw";"1";"Enabled"
"1064";"site-auditor.online";"site-auditor.online";"1";"Enabled"
"1065";"site1.floating-share-buttons.com";"site1.floating-share-buttons.com";"1";"Enabled"
"1066";"site1.free-floating-buttons.com";"site1.free-floating-buttons.com";"1";"Enabled"
"1067";"site10.floating-share-buttons.com";"site10.floating-share-buttons.com";"1";"Enabled"
"1068";"site10.free-floating-buttons.com";"site10.free-floating-buttons.com";"1";"Enabled"
"1069";"site11.free-floating-buttons.com";"site11.free-floating-buttons.com";"1";"Enabled"
"1070";"site12.free-floating-buttons.com";"site12.free-floating-buttons.com";"1";"Enabled"
"1071";"site13.free-floating-buttons.com";"site13.free-floating-buttons.com";"1";"Enabled"
"1072";"site14.free-floating-buttons.com";"site14.free-floating-buttons.com";"1";"Enabled"
"1073";"site15.free-floating-buttons.com";"site15.free-floating-buttons.com";"1";"Enabled"
"1074";"site15872940.snip.to";"site15872940.snip.to";"1";"Enabled"
"1075";"site17394998.snip.tw";"site17394998.snip.tw";"1";"Enabled"
"1076";"site2.floating-share-buttons.com";"site2.floating-share-buttons.com";"1";"Enabled"
"1077";"site2.free-floating-buttons.com";"site2.free-floating-buttons.com";"1";"Enabled"
"1078";"site23561910.snip.tw";"site23561910.snip.tw";"1";"Enabled"
"1079";"site27347009.snip.tw";"site27347009.snip.tw";"1";"Enabled"
"1080";"site27603607.snip.tw";"site27603607.snip.tw";"1";"Enabled"
"1081";"site27700725.snip.tw";"site27700725.snip.tw";"1";"Enabled"
"1082";"site28345898.snip.to";"site28345898.snip.to";"1";"Enabled"
"1083";"site3.floating-share-buttons.com";"site3.floating-share-buttons.com";"1";"Enabled"
"1084";"site3.free-floating-buttons.com";"site3.free-floating-buttons.com";"1";"Enabled"
"1085";"site30125849.snip.tw";"site30125849.snip.tw";"1";"Enabled"
"1086";"site33144796.snip.to";"site33144796.snip.to";"1";"Enabled"
"1087";"site38954183.snip.to";"site38954183.snip.to";"1";"Enabled"
"1088";"site39341031.snip.to";"site39341031.snip.to";"1";"Enabled"
"1089";"site4.floating-share-buttons.com";"site4.floating-share-buttons.com";"1";"Enabled"
"1090";"site4.free-floating-buttons.com";"site4.free-floating-buttons.com";"1";"Enabled"
"1091";"site41626773.snip.to";"site41626773.snip.to";"1";"Enabled"
"1092";"site43602702.snip.to";"site43602702.snip.to";"1";"Enabled"
"1093";"site44680384.snip.tw";"site44680384.snip.tw";"1";"Enabled"
"1094";"site5.floating-share-buttons.com";"site5.floating-share-buttons.com";"1";"Enabled"
"1095";"site5.free-floating-buttons.com";"site5.free-floating-buttons.com";"1";"Enabled"
"1096";"site50266585.snip.to";"site50266585.snip.to";"1";"Enabled"
"1097";"site57211203.snip.tw";"site57211203.snip.tw";"1";"Enabled"
"1098";"site6.floating-share-buttons.com";"site6.floating-share-buttons.com";"1";"Enabled"
"1099";"site6.free-floating-buttons.com";"site6.free-floating-buttons.com";"1";"Enabled"
"1100";"site61665278.snip.tw";"site61665278.snip.tw";"1";"Enabled"
"1101";"site61875389.snip.tw";"site61875389.snip.tw";"1";"Enabled"
"1102";"site65755771.snip.tw";"site65755771.snip.tw";"1";"Enabled"
"1103";"site65908408.snip.tw";"site65908408.snip.tw";"1";"Enabled"
"1104";"site66736948.snip.tw";"site66736948.snip.tw";"1";"Enabled"
"1105";"site66756695.snip.tw";"site66756695.snip.tw";"1";"Enabled"
"1106";"site69502304.snip.to";"site69502304.snip.to";"1";"Enabled"
"1107";"site7.floating-share-buttons.com";"site7.floating-share-buttons.com";"1";"Enabled"
"1108";"site7.free-floating-buttons.com";"site7.free-floating-buttons.com";"1";"Enabled"
"1109";"site7259492.snip.to";"site7259492.snip.to";"1";"Enabled"
"1110";"site8.floating-share-buttons.com";"site8.floating-share-buttons.com";"1";"Enabled"
"1111";"site8.free-floating-buttons.com";"site8.free-floating-buttons.com";"1";"Enabled"
"1112";"site9.floating-share-buttons.com";"site9.floating-share-buttons.com";"1";"Enabled"
"1113";"site9.free-floating-buttons.com";"site9.free-floating-buttons.com";"1";"Enabled"
"1114";"siteripz.net";"siteripz.net";"1";"Enabled"
"1115";"sitevaluation.org";"sitevaluation.org";"1";"Enabled"
"1116";"sivs.ru";"sivs.ru";"1";"Enabled"
"1117";"sky-mine.ru";"sky-mine.ru";"1";"Enabled"
"1118";"slave.xblog.in";"slave.xblog.in";"1";"Enabled"
"1119";"sledstvie-veli.net";"sledstvie-veli.net";"1";"Enabled"
"1120";"slftsdybbg.ru";"slftsdybbg.ru";"1";"Enabled"
"1121";"slkrm.ru";"slkrm.ru";"1";"Enabled"
"1122";"slonechka.ru";"slonechka.ru";"1";"Enabled"
"1123";"slow-website.xyz";"slow-website.xyz";"1";"Enabled"
"1124";"smailik.org";"smailik.org";"1";"Enabled"
"1125";"smarter-content.for-your.website";"smarter-content.for-your.website";"1";"Enabled"
"1126";"smartphonediscount.info";"smartphonediscount.info";"1";"Enabled"
"1127";"smstraf.ru";"smstraf.ru";"1";"Enabled"
"1128";"snip.to";"snip.to";"1";"Enabled"
"1129";"soaksoak.ru";"soaksoak.ru";"1";"Enabled"
"1130";"sociableblog.com";"sociableblog.com";"1";"Enabled"
"1131";"social-buttons-aa.xyz";"social-buttons-aa.xyz";"1";"Enabled"
"1132";"social-buttons-dd.xyz";"social-buttons-dd.xyz";"1";"Enabled"
"1133";"social-buttons-ff.xyz";"social-buttons-ff.xyz";"1";"Enabled"
"1134";"social-buttons-gg.xyz";"social-buttons-gg.xyz";"1";"Enabled"
"1135";"social-buttons-hh.xyz";"social-buttons-hh.xyz";"1";"Enabled"
"1136";"social-buttons-ii.xyz";"social-buttons-ii.xyz";"1";"Enabled"
"1137";"social-buttons.com";"social-buttons.com";"1";"Enabled"
"1138";"social-buttons.xyz";"social-buttons.xyz";"1";"Enabled"
"1139";"social-traffic-1.xyz";"social-traffic-1.xyz";"1";"Enabled"
"1140";"social-traffic-2.xyz";"social-traffic-2.xyz";"1";"Enabled"
"1141";"social-traffic-3.xyz";"social-traffic-3.xyz";"1";"Enabled"
"1142";"social-traffic-4.xyz";"social-traffic-4.xyz";"1";"Enabled"
"1143";"social-traffic-5.xyz";"social-traffic-5.xyz";"1";"Enabled"
"1144";"social-traffic-6.xyz";"social-traffic-6.xyz";"1";"Enabled"
"1145";"social-traffic-7.xyz";"social-traffic-7.xyz";"1";"Enabled"
"1146";"social-traffic-8.xyz";"social-traffic-8.xyz";"1";"Enabled"
"1147";"social-traffic-9.xyz";"social-traffic-9.xyz";"1";"Enabled"
"1148";"social-widget.xyz";"social-widget.xyz";"1";"Enabled"
"1149";"socialbutton.xyz";"socialbutton.xyz";"1";"Enabled"
"1150";"socialbuttons.xyz";"socialbuttons.xyz";"1";"Enabled"
"1151";"socialseet.ru";"socialseet.ru";"1";"Enabled"
"1152";"social-buttons.xyz";"social-buttons.xyz";"1";"Enabled"
"1153";"socialbuttons.xyz";"socialbuttons.xyz";"1";"Enabled"
"1154";"softomix.com";"softomix.com";"1";"Enabled"
"1155";"softomix.net";"softomix.net";"1";"Enabled"
"1156";"softomix.ru";"softomix.ru";"1";"Enabled"
"1157";"sohoindia.net";"sohoindia.net";"1";"Enabled"
"1158";"solitaire-game.ru";"solitaire-game.ru";"1";"Enabled"
"1159";"solnplast.ru";"solnplast.ru";"1";"Enabled"
"1160";"sosdepotdebilan.com";"sosdepotdebilan.com";"1";"Enabled"
"1161";"soundfrost.org";"soundfrost.org";"1";"Enabled"
"1162";"southboundbeat.com";"southboundbeat.com";"1";"Enabled"
"1163";"spb.afora.ru";"spb.afora.ru";"1";"Enabled"
"1164";"special-porn.com";"special-porn.com";"1";"Enabled"
"1165";"spravka130.ru";"spravka130.ru";"1";"Enabled"
"1166";"srecorder.com";"srecorder.com";"1";"Enabled"
"1167";"stablehost.com";"stablehost.com";"1";"Enabled"
"1168";"stairliftstrue.com";"stairliftstrue.com";"1";"Enabled"
"1169";"star61.de";"star61.de";"1";"Enabled"
"1170";"stariy-baku.com";"stariy-baku.com";"1";"Enabled"
"1171";"steame.ru";"steame.ru";"1";"Enabled"
"1172";"steelmaster.lv";"steelmaster.lv";"1";"Enabled"
"1173";"stoki.ru";"stoki.ru";"1";"Enabled"
"1174";"success-seo.com";"success-seo.com";"1";"Enabled"
"1175";"suche.t-online.de";"suche.t-online.de";"1";"Enabled"
"1176";"suid.org";"suid.org";"1";"Enabled"
"1177";"superiends.org";"superiends.org";"1";"Enabled"
"1178";"supervesti.ru";"supervesti.ru";"1";"Enabled"
"1179";"svetodiodoff.ru";"svetodiodoff.ru";"1";"Enabled"
"1180";"swbca.org";"swbca.org";"1";"Enabled"
"1181";"sweinc.biz";"sweinc.biz";"1";"Enabled"
"1182";"swisscows.ch";"swisscows.ch";"1";"Enabled"
"1183";"sygraem.com";"sygraem.com";"1";"Enabled"
"1184";"syob.net";"syob.net";"1";"Enabled"
"1185";"tadalafil-sildenafil.com";"tadalafil-sildenafil.com";"1";"Enabled"
"1186";"taihouse.ru";"taihouse.ru";"1";"Enabled"
"1187";"tartanindustrial.com";"tartanindustrial.com";"1";"Enabled"
"1188";"tasteidea.com";"tasteidea.com";"1";"Enabled"
"1189";"tattooha.com";"tattooha.com";"1";"Enabled"
"1190";"tctco.com";"tctco.com";"1";"Enabled"
"1191";"td-33.ru";"td-33.ru";"1";"Enabled"
"1192";"techen.com";"techen.com";"1";"Enabled"
"1193";"tedxrj.com";"tedxrj.com";"1";"Enabled"
"1194";"telenetron.com";"telenetron.com";"1";"Enabled"
"1195";"telnetron.com";"telnetron.com";"1";"Enabled"
"1196";"theguardlan.com";"theguardlan.com";"1";"Enabled"
"1197";"thehaterspage.com";"thehaterspage.com";"1";"Enabled"
"1198";"thesitez.com";"thesitez.com";"1";"Enabled"
"1199";"timebie.com";"timebie.com";"1";"Enabled"
"1200";"timschaefermedia.com";"timschaefermedia.com";"1";"Enabled"
"1201";"tires.afora.ru";"tires.afora.ru";"1";"Enabled"
"1202";"tits.twiclub.in";"tits.twiclub.in";"1";"Enabled"
"1203";"tkpassword.com";"tkpassword.com";"1";"Enabled"
"1204";"tl.rulate.ru";"tl.rulate.ru";"1";"Enabled"
"1205";"tmm-kurs.ru";"tmm-kurs.ru";"1";"Enabled"
"1206";"tnb22.com";"tnb22.com";"1";"Enabled"
"1207";"to.afora.ru";"to.afora.ru";"1";"Enabled"
"1208";"tolyatti.xrus.org";"tolyatti.xrus.org";"1";"Enabled"
"1209";"tomck.com";"tomck.com";"1";"Enabled"
"1210";"top1-seo-service.com";"top1-seo-service.com";"1";"Enabled"
"1211";"topalternate.com";"topalternate.com";"1";"Enabled"
"1212";"toppics26.ru";"toppics26.ru";"1";"Enabled"
"1213";"topquality.cf";"topquality.cf";"1";"Enabled"
"1214";"topseoservices.co";"topseoservices.co";"1";"Enabled"
"1215";"topseoservices.com";"topseoservices.com";"1";"Enabled"
"1216";"torture.ml";"torture.ml";"1";"Enabled"
"1217";"tosurf.org";"tosurf.org";"1";"Enabled"
"1218";"tourette.be";"tourette.be";"1";"Enabled"
"1219";"touropia.ru";"touropia.ru";"1";"Enabled"
"1220";"toyota.7zap.com";"toyota.7zap.com";"1";"Enabled"
"1221";"toys.adultnet.in";"toys.adultnet.in";"1";"Enabled"
"1222";"traffic-cash.xyz";"traffic-cash.xyz";"1";"Enabled"
"1223";"traffic-paradise.org";"traffic-paradise.org";"1";"Enabled"
"1224";"traffic2cash.net";"traffic2cash.net";"1";"Enabled"
"1225";"traffic2cash.org";"traffic2cash.org";"1";"Enabled"
"1226";"traffic2cash.xyz";"traffic2cash.xyz";"1";"Enabled"
"1227";"traffic2money.com";"traffic2money.com";"1";"Enabled"
"1228";"trafficgenius.xyz";"trafficgenius.xyz";"1";"Enabled"
"1229";"trafficmonetize.org";"trafficmonetize.org";"1";"Enabled"
"1230";"trafficmonetizer.org";"trafficmonetizer.org";"1";"Enabled"
"1231";"trion.od.ua";"trion.od.ua";"1";"Enabled"
"1232";"ttias.be";"ttias.be";"1";"Enabled"
"1233";"tubetop44.ru";"tubetop44.ru";"1";"Enabled"
"1234";"turbo-suslik.org";"turbo-suslik.org";"1";"Enabled"
"1235";"tuugo.it";"tuugo.it";"1";"Enabled"
"1236";"tvand.ru";"tvand.ru";"1";"Enabled"
"1237";"tytoona.com";"tytoona.com";"1";"Enabled"
"1238";"tyumen.xrus.org";"tyumen.xrus.org";"1";"Enabled"
"1239";"u-cheats.ru";"u-cheats.ru";"1";"Enabled"
"1240";"uageology.ru";"uageology.ru";"1";"Enabled"
"1241";"uasb.ru";"uasb.ru";"1";"Enabled"
"1242";"udensapgade.lv";"udensapgade.lv";"1";"Enabled"
"1243";"udensspices.lv";"udensspices.lv";"1";"Enabled"
"1244";"ufa.xrus.org";"ufa.xrus.org";"1";"Enabled"
"1245";"ukr-cegla.com.ua";"ukr-cegla.com.ua";"1";"Enabled"
"1246";"ulitzer.com";"ulitzer.com";"1";"Enabled"
"1247";"unpredictable.ga";"unpredictable.ga";"1";"Enabled"
"1248";"uoi.gr";"uoi.gr";"1";"Enabled"
"1249";"uptime.com";"uptime.com";"1";"Enabled"
"1250";"uptimebot.net";"uptimebot.net";"1";"Enabled"
"1251";"uptimechecker.com";"uptimechecker.com";"1";"Enabled"
"1252";"urllib.com";"urllib.com";"1";"Enabled"
"1253";"urlm.de";"urlm.de";"1";"Enabled"
"1254";"urng-maiz.com";"urng-maiz.com";"1";"Enabled"
"1255";"user42743189.6hoping.com";"user42743189.6hoping.com";"1";"Enabled"
"1256";"userequip.com";"userequip.com";"1";"Enabled"
"1257";"users.n2s.es";"users.n2s.es";"1";"Enabled"
"1258";"uytmaster.ru";"uytmaster.ru";"1";"Enabled"
"1259";"uzungil.com";"uzungil.com";"1";"Enabled"
"1260";"vapmedia.org";"vapmedia.org";"1";"Enabled"
"1261";"veerotech.com";"veerotech.com";"1";"Enabled"
"1262";"vekzdorov.ru";"vekzdorov.ru";"1";"Enabled"
"1263";"vesta-lada.net";"vesta-lada.net";"1";"Enabled"
"1264";"vgoloveboli.net";"vgoloveboli.net";"1";"Enabled"
"1265";"viandpet.com";"viandpet.com";"1";"Enabled"
"1266";"video--production.com";"video--production.com";"1";"Enabled"
"1267";"video-woman.com";"video-woman.com";"1";"Enabled"
"1268";"videochat.mx";"videochat.mx";"1";"Enabled"
"1269";"videofrost.com";"videofrost.com";"1";"Enabled"
"1270";"videofrost.net";"videofrost.net";"1";"Enabled"
"1271";"videos-for-your-business.com";"videos-for-your-business.com";"1";"Enabled"
"1272";"viel.su";"viel.su";"1";"Enabled"
"1273";"viesearch.com";"viesearch.com";"1";"Enabled"
"1274";"viktoria-center.ru";"viktoria-center.ru";"1";"Enabled"
"1275";"vilingstore.net";"vilingstore.net";"1";"Enabled"
"1276";"vip-dom.in";"vip-dom.in";"1";"Enabled"
"1277";"vipsiterip.org";"vipsiterip.org";"1";"Enabled"
"1278";"visa-china.ru";"visa-china.ru";"1";"Enabled"
"1279";"vision-iq.com";"vision-iq.com";"1";"Enabled"
"1280";"viview.inspsearch.com";"viview.inspsearch.com";"1";"Enabled"
"1281";"vkontaktemusic.ru";"vkontaktemusic.ru";"1";"Enabled"
"1282";"vodaodessa.com";"vodaodessa.com";"1";"Enabled"
"1283";"vodkoved.ru";"vodkoved.ru";"1";"Enabled"
"1284";"voloomoney.com";"voloomoney.com";"1";"Enabled"
"1285";"voronezh.xrus.org";"voronezh.xrus.org";"1";"Enabled"
"1286";"vote-up.ru";"vote-up.ru";"1";"Enabled"
"1287";"vykup-avto-krasnodar.ru";"vykup-avto-krasnodar.ru";"1";"Enabled"
"1288";"vykupavto-krasnodar.ru";"vykupavto-krasnodar.ru";"1";"Enabled"
"1289";"w3javascript.com";"w3javascript.com";"1";"Enabled"
"1290";"wallpapers-best.com";"wallpapers-best.com";"1";"Enabled"
"1291";"watters.ws";"watters.ws";"1";"Enabled"
"1292";"wdfdocando.com";"wdfdocando.com";"1";"Enabled"
"1293";"web-list.xyz";"web-list.xyz";"1";"Enabled"
"1294";"web-revenue.xyz";"web-revenue.xyz";"1";"Enabled"
"1295";"webaddresshelp.bt.com";"webaddresshelp.bt.com";"1";"Enabled"
"1296";"webdiro.com";"webdiro.com";"1";"Enabled"
"1297";"webextractb.profound.net";"webextractb.profound.net";"1";"Enabled"
"1298";"webiodir.com";"webiodir.com";"1";"Enabled"
"1299";"webmaster-traffic.com";"webmaster-traffic.com";"1";"Enabled"
"1300";"webmonetizer.net";"webmonetizer.net";"1";"Enabled"
"1301";"website-analyzer.info";"website-analyzer.info";"1";"Enabled"
"1302";"website-stealer-warning-alert.hdmoviecams.com";"website-stealer-warning-alert.hdmoviecams.com";"1";"Enabled"
"1303";"website-stealer-warning.hdmoviecamera.net";"website-stealer-warning.hdmoviecamera.net";"1";"Enabled"
"1304";"website-stealer.hdmoviecamera.net";"website-stealer.hdmoviecamera.net";"1";"Enabled"
"1305";"website-stealer.nufaq.com";"website-stealer.nufaq.com";"1";"Enabled"
"1306";"websites-reviews.com";"websites-reviews.com";"1";"Enabled"
"1307";"websocial.me";"websocial.me";"1";"Enabled"
"1308";"webstatsdomain.org";"webstatsdomain.org";"1";"Enabled"
"1309";"weburlopener.com";"weburlopener.com";"1";"Enabled"
"1310";"wedding-salon.net";"wedding-salon.net";"1";"Enabled"
"1311";"westconcordcollision.com";"westconcordcollision.com";"1";"Enabled"
"1312";"westernmontanahardscapes.com";"westernmontanahardscapes.com";"1";"Enabled"
"1313";"wheelchairliftfind.com";"wheelchairliftfind.com";"1";"Enabled"
"1314";"wiizl.com";"wiizl.com";"1";"Enabled"
"1315";"wmasterlead.com";"wmasterlead.com";"1";"Enabled"
"1316";"woman-h.ru";"woman-h.ru";"1";"Enabled"
"1317";"woman-orgasm.ru";"woman-orgasm.ru";"1";"Enabled"
"1318";"womensplay.net";"womensplay.net";"1";"Enabled"
"1319";"womensterritory.ru";"womensterritory.ru";"1";"Enabled"
"1320";"wordpress-crew.net";"wordpress-crew.net";"1";"Enabled"
"1321";"wordpresscore.com";"wordpresscore.com";"1";"Enabled"
"1322";"wotbox.biz";"wotbox.biz";"1";"Enabled"
"1323";"wpsecuritycheck.co.uk";"wpsecuritycheck.co.uk";"1";"Enabled"
"1324";"wpthemedetector.co.uk";"wpthemedetector.co.uk";"1";"Enabled"
"1325";"wulomei.bb";"wulomei.bb";"1";"Enabled"
"1326";"wurstwisdom.com";"wurstwisdom.com";"1";"Enabled"
"1327";"www.202tech.com";"www.202tech.com";"1";"Enabled"
"1328";"www.allmetalworking.ru";"www.allmetalworking.ru";"1";"Enabled"
"1329";"www.alveris.ru";"www.alveris.ru";"1";"Enabled"
"1330";"www.bookmaker-bet.com";"www.bookmaker-bet.com";"1";"Enabled"
"1331";"www.castingbank.ru";"www.castingbank.ru";"1";"Enabled"
"1332";"www.claim69427019.copyrightclaims.org";"www.claim69427019.copyrightclaims.org";"1";"Enabled"
"1333";"www.claim71210023.copyrightclaims.org";"www.claim71210023.copyrightclaims.org";"1";"Enabled"
"1334";"www.ctm-stroy.ru";"www.ctm-stroy.ru";"1";"Enabled"
"1335";"www.equippedtodomore.com";"www.equippedtodomore.com";"1";"Enabled"
"1336";"www.event-tracking.com";"www.event-tracking.com";"1";"Enabled"
"1337";"www.foxinsocks.ru";"www.foxinsocks.ru";"1";"Enabled"
"1338";"www.fuck-paid-share-buttons.xyz";"www.fuck-paid-share-buttons.xyz";"1";"Enabled"
"1339";"www.get-free-social-traffic.com";"www.get-free-social-traffic.com";"1";"Enabled"
"1340";"www.Get-Free-Traffic-Now.com";"www.Get-Free-Traffic-Now.com";"1";"Enabled"
"1341";"www.glutenfreedetectiveagency.com";"www.glutenfreedetectiveagency.com";"1";"Enabled"
"1342";"www.kabbalah-red-bracelets.com";"www.kabbalah-red-bracelets.com";"1";"Enabled"
"1343";"www.lego4x4.ru";"www.lego4x4.ru";"1";"Enabled"
"1344";"www.mosrif.ru";"www.mosrif.ru";"1";"Enabled"
"1345";"www.muz-baza.net";"www.muz-baza.net";"1";"Enabled"
"1346";"www.o-trubah.com";"www.o-trubah.com";"1";"Enabled"
"1347";"www.pechikamini.ru";"www.pechikamini.ru";"1";"Enabled"
"1348";"www.pornoklad.net";"www.pornoklad.net";"1";"Enabled"
"1349";"www.positive2b.ru";"www.positive2b.ru";"1";"Enabled"
"1350";"www.regionshop.biz";"www.regionshop.biz";"1";"Enabled"
"1351";"www.replica-watch.ru";"www.replica-watch.ru";"1";"Enabled"
"1352";"www.rvtv.ru";"www.rvtv.ru";"1";"Enabled"
"1353";"www.sexkrasivo.net";"www.sexkrasivo.net";"1";"Enabled"
"1354";"www.share-button.xyz";"www.share-button.xyz";"1";"Enabled"
"1355";"www.sildia.com";"www.sildia.com";"1";"Enabled"
"1356";"www.social-button.xyz";"www.social-button.xyz";"1";"Enabled"
"1357";"www.social-buttons.xyz";"www.social-buttons.xyz";"1";"Enabled"
"1358";"www.socialbutton.xyz";"www.socialbutton.xyz";"1";"Enabled"
"1359";"www.socialbuttons.xyz";"www.socialbuttons.xyz";"1";"Enabled"
"1360";"www.styro.ru";"www.styro.ru";"1";"Enabled"
"1361";"www.symbol-s.ru";"www.symbol-s.ru";"1";"Enabled"
"1362";"www.top1-seo-service.com";"www.top1-seo-service.com";"1";"Enabled"
"1363";"www.varikozdok.ru";"www.varikozdok.ru";"1";"Enabled"
"1364";"www.vesnatehno.com";"www.vesnatehno.com";"1";"Enabled"
"1365";"www.vesnatehno.ru";"www.vesnatehno.ru";"1";"Enabled"
"1366";"www.x720.net";"www.x720.net";"1";"Enabled"
"1367";"www.xpresscare.ru";"www.xpresscare.ru";"1";"Enabled"
"1368";"www1.free-social-buttons.com";"www1.free-social-buttons.com";"1";"Enabled"
"1369";"www10.free-social-buttons.com";"www10.free-social-buttons.com";"1";"Enabled"
"1370";"www2.free-social-buttons.com";"www2.free-social-buttons.com";"1";"Enabled"
"1371";"www3.free-social-buttons.com";"www3.free-social-buttons.com";"1";"Enabled"
"1372";"www4.free-social-buttons.com";"www4.free-social-buttons.com";"1";"Enabled"
"1373";"www5.free-social-buttons.com";"www5.free-social-buttons.com";"1";"Enabled"
"1374";"www6.free-social-buttons.com";"www6.free-social-buttons.com";"1";"Enabled"
"1375";"www7.free-social-buttons.com";"www7.free-social-buttons.com";"1";"Enabled"
"1376";"www8.free-social-buttons.com";"www8.free-social-buttons.com";"1";"Enabled"
"1377";"www9.free-social-buttons.com";"www9.free-social-buttons.com";"1";"Enabled"
"1378";"wzgyyq.com";"wzgyyq.com";"1";"Enabled"
"1379";"x720.net";"x720.net";"1";"Enabled"
"1380";"xboxster.ru";"xboxster.ru";"1";"Enabled"
"1381";"xkvcrbheea.net";"xkvcrbheea.net";"1";"Enabled"
"1382";"xlzzri.com";"xlzzri.com";"1";"Enabled"
"1383";"xn-----6kcaacnblni5c5bicdpcmficy.xn--p1ai";"xn-----6kcaacnblni5c5bicdpcmficy.xn--p1ai";"1";"Enabled"
"1384";"xn--80ab4aa2g.xn--p1ai";"xn--80ab4aa2g.xn--p1ai";"1";"Enabled"
"1385";"xn--80acerqftc.com.ua";"xn--80acerqftc.com.ua";"1";"Enabled"
"1386";"xn--80adiozefkkgf4j9ac.xn--p1ai";"xn--80adiozefkkgf4j9ac.xn--p1ai";"1";"Enabled"
"1387";"xn--80ahvj9e.xn--p1ai";"xn--80ahvj9e.xn--p1ai";"1";"Enabled"
"1388";"xpresscare.ru";"xpresscare.ru";"1";"Enabled"
"1389";"xrus.org";"xrus.org";"1";"Enabled"
"1390";"xsion.net";"xsion.net";"1";"Enabled"
"1391";"xxart.ru";"xxart.ru";"1";"Enabled"
"1392";"yaderenergy.ru";"yaderenergy.ru";"1";"Enabled"
"1393";"yaroslavl.xrus.org";"yaroslavl.xrus.org";"1";"Enabled"
"1394";"yellowleaf.co.uk";"yellowleaf.co.uk";"1";"Enabled"
"1395";"yemins.com";"yemins.com";"1";"Enabled"
"1396";"yfs.co.uk";"yfs.co.uk";"1";"Enabled"
"1397";"ykecwqlixx.ru";"ykecwqlixx.ru";"1";"Enabled"
"1398";"youandcredit.ru";"youandcredit.ru";"1";"Enabled"
"1399";"yougetsignal.com";"yougetsignal.com";"1";"Enabled"
"1400";"youporn-forum.ga";"youporn-forum.ga";"1";"Enabled"
"1401";"youporn-forum.uni.me";"youporn-forum.uni.me";"1";"Enabled"
"1402";"youporn-ru.com";"youporn-ru.com";"1";"Enabled"
"1403";"yourdesires.ru";"yourdesires.ru";"1";"Enabled"
"1404";"youresponsive.com";"youresponsive.com";"1";"Enabled"
"1405";"yourserverisdown.com";"yourserverisdown.com";"1";"Enabled"
"1406";"yoursitename.ru";"yoursitename.ru";"1";"Enabled"
"1407";"youtubedownload.org";"youtubedownload.org";"1";"Enabled"
"1408";"ystart3.dealwifi.com";"ystart3.dealwifi.com";"1";"Enabled"
"1409";"yuda.com";"yuda.com";"1";"Enabled"
"1410";"yudu.com";"yudu.com";"1";"Enabled"
"1411";"yugo-star.ru";"yugo-star.ru";"1";"Enabled"
"1412";"yumpu.com";"yumpu.com";"1";"Enabled"
"1413";"zachrannasluzba.cz";"zachrannasluzba.cz";"1";"Enabled"
"1414";"zaim-pod-zalog-krasnodar.ru";"zaim-pod-zalog-krasnodar.ru";"1";"Enabled"
"1415";"zakon-ob-obrazovanii.ru";"zakon-ob-obrazovanii.ru";"1";"Enabled"
"1416";"zapmeta.it";"zapmeta.it";"1";"Enabled"
"1417";"zarabotat-na-sajte.ru";"zarabotat-na-sajte.ru";"1";"Enabled"
"1418";"zastenchivosti.net";"zastenchivosti.net";"1";"Enabled"
"1419";"zastroyka.org";"zastroyka.org";"1";"Enabled"
"1420";"zazagames.org";"zazagames.org";"1";"Enabled"
"1421";"zdesoboi.com";"zdesoboi.com";"1";"Enabled"
"1422";"zebradudka.com";"zebradudka.com";"1";"Enabled"
"1423";"znaniyapolza.ru";"znaniyapolza.ru";"1";"Enabled"
"1424";"zojirushi-products.ru";"zojirushi-products.ru";"1";"Enabled"
"1425";"zoospa.kz";"zoospa.kz";"1";"Enabled"
"1426";"zquhwmpalj.us";"zquhwmpalj.us";"1";"Enabled"
"1427";"zvetki.ru";"zvetki.ru";"1";"Enabled"
"1428";".";".";"1";"Enabled"
"1429";"-.";"-.";"1";"Enabled"
"1430";"....";"....";"1";"Enabled"
"1431";".com";".com";"1";"Enabled"
"1432";"..com";"..com";"1";"Enabled"
"1433";".";".";"1";"Enabled"
"1434";"..";"..";"1";"Enabled"
"1435";"-.";"-.";"1";"Enabled"
"1436";"...";"...";"1";"Enabled"
"1437";".";".";"1";"Enabled"
"1438";".";".";"1";"Enabled"
"1439";"-.";"-.";"1";"Enabled"
