name,url,name,status
00server.com,00server.com,Referer,Enabled
0n-line.tv,0n-line.tv,Referer,Enabled
100dollars-seo.com,100dollars-seo.com,Referer,Enabled
100ssul.com,100ssul.com,Referer,Enabled
10webs.org,10webs.org,Referer,Enabled
1185158.responsive-test.net,1185158.responsive-test.net,Referer,Enabled
1222231.responsive-test.net,1222231.responsive-test.net,Referer,Enabled
12287457.responsive-test.net,12287457.responsive-test.net,Referer,Enabled
12masterov.com,12masterov.com,Referer,Enabled
1541.ru,1541.ru,Referer,Enabled
15874552.responsive-test.net,15874552.responsive-test.net,Referer,Enabled
1kinobig.ru,1kinobig.ru,Referer,Enabled
1pamm.ru,1pamm.ru,Referer,Enabled
1stdirector.co.uk,1stdirector.co.uk,Referer,Enabled
1webmaster.ml,1webmaster.ml,Referer,Enabled
200please.com,200please.com,Referer,Enabled
200please.coml,200please.coml,Referer,Enabled
2015.isp-surveys.com,2015.isp-surveys.com,Referer,Enabled
24videos.tv,24videos.tv,Referer,Enabled
273-fz.ru,273-fz.ru,Referer,Enabled
3246630.responsive-test.net,3246630.responsive-test.net,Referer,Enabled
4448662.responsive-test.net,4448662.responsive-test.net,Referer,Enabled
4520496.responsive-test.net,4520496.responsive-test.net,Referer,Enabled
4istoshop.com,4istoshop.com,Referer,Enabled
4webmasters.com,4webmasters.com,Referer,Enabled
4webmasters.org,4webmasters.org,Referer,Enabled
51834387.responsive-test.net,51834387.responsive-test.net,Referer,Enabled
51cto.com,51cto.com,Referer,Enabled
5forex.ru,5forex.ru,Referer,Enabled
60504625.responsive-test.net,60504625.responsive-test.net,Referer,Enabled
6hopping.com,6hopping.com,Referer,Enabled
76brighton.co.uk,76brighton.co.uk,Referer,Enabled
7makemoneyonline.com,7makemoneyonline.com,Referer,Enabled
7zap.com,7zap.com,Referer,Enabled
80dance.com,80dance.com,Referer,Enabled
843150.responsive-test.net,843150.responsive-test.net,Referer,Enabled
86eid.com,86eid.com,Referer,Enabled
a-hau.mk,a-hau.mk,Referer,Enabled
a.pr-cy.ru,a.pr-cy.ru,Referer,Enabled
acabottutor.com,acabottutor.com,Referer,Enabled
acads.net,acads.net,Referer,Enabled
accessories.afora.ru,accessories.afora.ru,Referer,Enabled
acornarcade.com,acornarcade.com,Referer,Enabled
acunetix-referrer.com,acunetix-referrer.com,Referer,Enabled
adcash.com,adcash.com,Referer,Enabled
add-page.com,add-page.com,Referer,Enabled
addtoevent.co.uk,addtoevent.co.uk,Referer,Enabled
adf.ly,adf.ly,Referer,Enabled
adishofdailylife.com,adishofdailylife.com,Referer,Enabled
adspart.com,adspart.com,Referer,Enabled
adtiger.tk,adtiger.tk,Referer,Enabled
adultnet.in,adultnet.in,Referer,Enabled
advancedsearch2.virginmedia.com,advancedsearch2.virginmedia.com,Referer,Enabled
adventureparkcostarica.com,adventureparkcostarica.com,Referer,Enabled
adviceforum.info,adviceforum.info,Referer,Enabled
aeroc.net.ua,aeroc.net.ua,Referer,Enabled
affordable24rx.com,affordable24rx.com,Referer,Enabled
affordablewebsitesandmobileapps.com,affordablewebsitesandmobileapps.com,Referer,Enabled
afora.ru,afora.ru,Referer,Enabled
aftermarket.7zap.com,aftermarket.7zap.com,Referer,Enabled
aftermarket.afora.ru,aftermarket.afora.ru,Referer,Enabled
agam-06.org,agam-06.org,Referer,Enabled
agat.net,agat.net,Referer,Enabled
Ai-writer.com,Ai-writer.com,Referer,Enabled
aihitdata.com,aihitdata.com,Referer,Enabled
akbs-bl.ch,akbs-bl.ch,Referer,Enabled
akuhni.by,akuhni.by,Referer,Enabled
akvamaster.dp.ua,akvamaster.dp.ua,Referer,Enabled
alborzan.com,alborzan.com,Referer,Enabled
alepcable.com,alepcable.com,Referer,Enabled
alert.hdmoviecams.com,alert.hdmoviecams.com,Referer,Enabled
alfa9.com,alfa9.com,Referer,Enabled
alibest.com,alibest.com,Referer,Enabled
alibestsale.com,alibestsale.com,Referer,Enabled
AliBestSales.com,AliBestSales.com,Referer,Enabled
all-sims.ru,all-sims.ru,Referer,Enabled
all4invest.ru,all4invest.ru,Referer,Enabled
allknow.info,allknow.info,Referer,Enabled
allkrim.com,allkrim.com,Referer,Enabled
allnews.md,allnews.md,Referer,Enabled
allsilver925.co.il,allsilver925.co.il,Referer,Enabled
allwomen.info,allwomen.info,Referer,Enabled
alpagt.ru,alpagt.ru,Referer,Enabled
alphaforum.ru,alphaforum.ru,Referer,Enabled
alpharma.net,alpharma.net,Referer,Enabled
altermix.ua,altermix.ua,Referer,Enabled
amanda-porn.ga,amanda-porn.ga,Referer,Enabled
amateurblowjob.adultnet.in,amateurblowjob.adultnet.in,Referer,Enabled
amazines.com,amazines.com,Referer,Enabled
amfibi.directory,amfibi.directory,Referer,Enabled
amt-k.ru,amt-k.ru,Referer,Enabled
ana-white.com,ana-white.com,Referer,Enabled
anal-acrobats.hol.es,anal-acrobats.hol.es,Referer,Enabled
anapa-inns.ru,anapa-inns.ru,Referer,Enabled
anapa.xrus.org,anapa.xrus.org,Referer,Enabled
android-style.com,android-style.com,Referer,Enabled
angelaarmstrong3.soup.io,angelaarmstrong3.soup.io,Referer,Enabled
anime4youth-v2.blogspot.com,anime4youth-v2.blogspot.com,Referer,Enabled
anonymous-redirect.com,anonymous-redirect.com,Referer,Enabled
anticrawler.org,anticrawler.org,Referer,Enabled
arab.adultnet.in,arab.adultnet.in,Referer,Enabled
arabgirls.adultgalls.com,arabgirls.adultgalls.com,Referer,Enabled
arate.ru,arate.ru,Referer,Enabled
archidom.info,archidom.info,Referer,Enabled
architecturebest.com,architecturebest.com,Referer,Enabled
arendakvartir.kz,arendakvartir.kz,Referer,Enabled
arkkivoltti.net,arkkivoltti.net,Referer,Enabled
artdeko.info,artdeko.info,Referer,Enabled
articledirectoryusa.com,articledirectoryusa.com,Referer,Enabled
articlescore.com,articlescore.com,Referer,Enabled
artip.ru,artip.ru,Referer,Enabled
artparquet.ru,artparquet.ru,Referer,Enabled
artphoto.name,artphoto.name,Referer,Enabled
aruplighting.com,aruplighting.com,Referer,Enabled
asicstech.com,asicstech.com,Referer,Enabled
astrakhan.xrus.org,astrakhan.xrus.org,Referer,Enabled
asylum.acornarcade.com,asylum.acornarcade.com,Referer,Enabled
atta.force.com,atta.force.com,Referer,Enabled
auto-moto-elektronika.cz,auto-moto-elektronika.cz,Referer,Enabled
auto-zapchasti.org,auto-zapchasti.org,Referer,Enabled
auto.rusvile.lt,auto.rusvile.lt,Referer,Enabled
auto4style.ru,auto4style.ru,Referer,Enabled
autobudpostach.club,autobudpostach.club,Referer,Enabled
autonew.biz,autonew.biz,Referer,Enabled
autotop.com.ua,autotop.com.ua,Referer,Enabled
autovideobroadcast.com,autovideobroadcast.com,Referer,Enabled
autowebmarket.com.ua,autowebmarket.com.ua,Referer,Enabled
aviva-limoux.com,aviva-limoux.com,Referer,Enabled
avtocredit-legko.ru,avtocredit-legko.ru,Referer,Enabled
azartclub.org,azartclub.org,Referer,Enabled
azartniy-bonus.com,azartniy-bonus.com,Referer,Enabled
azazu.ru,azazu.ru,Referer,Enabled
azbukadiets.ru,azbukadiets.ru,Referer,Enabled
azlex.uz,azlex.uz,Referer,Enabled
b99.co.uk,b99.co.uk,Referer,Enabled
backgroundpictures.net,backgroundpictures.net,Referer,Enabled
baggasm.com,baggasm.com,Referer,Enabled
baikalglobal.com,baikalglobal.com,Referer,Enabled
baike.com,baike.com,Referer,Enabled
baixar-musicas-gratis.com,baixar-musicas-gratis.com,Referer,Enabled
baixar-musicas-gratis.comsavetubevideo.com,baixar-musicas-gratis.comsavetubevideo.com,Referer,Enabled
baladur.ru,baladur.ru,Referer,Enabled
balitouroffice.com,balitouroffice.com,Referer,Enabled
balvinderkumar.com,balvinderkumar.com,Referer,Enabled
bankrot-spb.ru,bankrot-spb.ru,Referer,Enabled
bard-real.com.ua,bard-real.com.ua,Referer,Enabled
bay176.mail.live.com,bay176.mail.live.com,Referer,Enabled
beabase.com,beabase.com,Referer,Enabled
beauby.ru,beauby.ru,Referer,Enabled
bedandbreakfastireland.net,bedandbreakfastireland.net,Referer,Enabled
belgorod.xrus.org,belgorod.xrus.org,Referer,Enabled
berlininsl.com,berlininsl.com,Referer,Enabled
best-funnycatsanddogs.com,best-funnycatsanddogs.com,Referer,Enabled
best-seo-offer.com,best-seo-offer.com,Referer,Enabled
best-seo-software.xyz,best-seo-software.xyz,Referer,Enabled
best-seo-solution.com,best-seo-solution.com,Referer,Enabled
bestempresas.es,bestempresas.es,Referer,Enabled
bestmobilityscooterstoday.com,bestmobilityscooterstoday.com,Referer,Enabled
bestseo-solution.com,bestseo-solution.com,Referer,Enabled
bestwebsiteawards.com,bestwebsiteawards.com,Referer,Enabled
bestwebsitesawards.com,bestwebsitesawards.com,Referer,Enabled
betonka.pro,betonka.pro,Referer,Enabled
bif-ru.info,bif-ru.info,Referer,Enabled
bigcities.org,bigcities.org,Referer,Enabled
biglistofwebsites.com,biglistofwebsites.com,Referer,Enabled
billiard-classic.com.ua,billiard-classic.com.ua,Referer,Enabled
bimatoprost-careprost.com,bimatoprost-careprost.com,Referer,Enabled
binomo.kz,binomo.kz,Referer,Enabled
bio-japan.net,bio-japan.net,Referer,Enabled
bio.trade-jp.net,bio.trade-jp.net,Referer,Enabled
bizdirlib.com,bizdirlib.com,Referer,Enabled
biznesluxe.ru,biznesluxe.ru,Referer,Enabled
bizru.info,bizru.info,Referer,Enabled
black-friday.ga,black-friday.ga,Referer,Enabled
blackhatworth.com,blackhatworth.com,Referer,Enabled
blacklesbians.xblog.in,blacklesbians.xblog.in,Referer,Enabled
blockworld.ru,blockworld.ru,Referer,Enabled
blogtotal.de,blogtotal.de,Referer,Enabled
blue-square.biz,blue-square.biz,Referer,Enabled
bluecoat.com,bluecoat.com,Referer,Enabled
bluerobot.info,bluerobot.info,Referer,Enabled
bmhnetwork.com,bmhnetwork.com,Referer,Enabled
bmw.afora.ru,bmw.afora.ru,Referer,Enabled
bodybuilding-shop.biz,bodybuilding-shop.biz,Referer,Enabled
boioiong.com,boioiong.com,Referer,Enabled
boleznikogi.com,boleznikogi.com,Referer,Enabled
bonuspayeer.ru,bonuspayeer.ru,Referer,Enabled
boost-my-site.com,boost-my-site.com,Referer,Enabled
bouwmaas.jouwpagina.nl,bouwmaas.jouwpagina.nl,Referer,Enabled
brakehawk.com,brakehawk.com,Referer,Enabled
brazil.porndairy.in,brazil.porndairy.in,Referer,Enabled
break-the-chains.com,break-the-chains.com,Referer,Enabled
brendbutik.ru,brendbutik.ru,Referer,Enabled
british1.co.uk,british1.co.uk,Referer,Enabled
brk-rti.ru,brk-rti.ru,Referer,Enabled
brothers-smaller.ru,brothers-smaller.ru,Referer,Enabled
budmavtomatika.com.ua,budmavtomatika.com.ua,Referer,Enabled
budpost.com.ua,budpost.com.ua,Referer,Enabled
build-a-better-business.2your.site,build-a-better-business.2your.site,Referer,Enabled
build-audience.for-your.website,build-audience.for-your.website,Referer,Enabled
burger-imperia.com,burger-imperia.com,Referer,Enabled
burn-fat.ga,burn-fat.ga,Referer,Enabled
business-finder.info,business-finder.info,Referer,Enabled
business-portal.co.uk,business-portal.co.uk,Referer,Enabled
buttons-for-website.com,buttons-for-website.com,Referer,Enabled
buttons-for-your-website.com,buttons-for-your-website.com,Referer,Enabled
buttonspace.com,buttonspace.com,Referer,Enabled
buy-cheap-online.info,buy-cheap-online.info,Referer,Enabled
buy-cheap-pills-order-online.com,buy-cheap-pills-order-online.com,Referer,Enabled
buy-forum.ru,buy-forum.ru,Referer,Enabled
buyessaynow.biz,buyessaynow.biz,Referer,Enabled
call-of-duty.info,call-of-duty.info,Referer,Enabled
callupcontact.com,callupcontact.com,Referer,Enabled
camgirls.adultnet.in,camgirls.adultnet.in,Referer,Enabled
cardiosport.com.ua,cardiosport.com.ua,Referer,Enabled
cardul.ru,cardul.ru,Referer,Enabled
carfax.com.ua,carfax.com.ua,Referer,Enabled
carsnumber.com,carsnumber.com,Referer,Enabled
cartechnic.ru,cartechnic.ru,Referer,Enabled
cash4traffic.xyz,cash4traffic.xyz,Referer,Enabled
castingbank.ru,castingbank.ru,Referer,Enabled
catalogs-parts.com,catalogs-parts.com,Referer,Enabled
ccpfy.net,ccpfy.net,Referer,Enabled
cenokos.ru,cenokos.ru,Referer,Enabled
cenoval.ru,cenoval.ru,Referer,Enabled
cezartabac.ro,cezartabac.ro,Referer,Enabled
cfsrating.sonicwall.com,cfsrating.sonicwall.com,Referer,Enabled
ch.wow.com,ch.wow.com,Referer,Enabled
chameleon-shop.ru,chameleon-shop.ru,Referer,Enabled
cheese-for-you.ucoz.ua,cheese-for-you.ucoz.ua,Referer,Enabled
chelyabinsk.xrus.org,chelyabinsk.xrus.org,Referer,Enabled
chinese-amezon.com,chinese-amezon.com,Referer,Enabled
choosecuisine.com,choosecuisine.com,Referer,Enabled
ci.ua,ci.ua,Referer,Enabled
cityadspix.com,cityadspix.com,Referer,Enabled
civilwartheater.com,civilwartheater.com,Referer,Enabled
claim22346981.copyrightclaims.org,claim22346981.copyrightclaims.org,Referer,Enabled
claim26287680.copyrightclaims.org,claim26287680.copyrightclaims.org,Referer,Enabled
claim381811.copyrightclaims.org,claim381811.copyrightclaims.org,Referer,Enabled
claim41419611.copyrightclaims.org,claim41419611.copyrightclaims.org,Referer,Enabled
claim43313961.copyrightclaims.org,claim43313961.copyrightclaims.org,Referer,Enabled
claim48468546.copyrightclaims.org,claim48468546.copyrightclaims.org,Referer,Enabled
claim65919258.copyrightclaims.org,claim65919258.copyrightclaims.org,Referer,Enabled
claim66669103.copyrightclaims.org,claim66669103.copyrightclaims.org,Referer,Enabled
claim67259183.copyrightclaims.org,claim67259183.copyrightclaims.org,Referer,Enabled
claim68419526.copyrightclaims.org,claim68419526.copyrightclaims.org,Referer,Enabled
claim69545136.copyrightclaims.org,claim69545136.copyrightclaims.org,Referer,Enabled
claim69854706.copyrightclaims.org,claim69854706.copyrightclaims.org,Referer,Enabled
claim71210023.copyrightclaims.org,claim71210023.copyrightclaims.org,Referer,Enabled
claim71636923.copyrightclaims.org,claim71636923.copyrightclaims.org,Referer,Enabled
clicksor.com,clicksor.com,Referer,Enabled
clk.golinks.org,clk.golinks.org,Referer,Enabled
clubaccent.net,clubaccent.net,Referer,Enabled
cmd.kz,cmd.kz,Referer,Enabled
coderstate.com,coderstate.com,Referer,Enabled
codysbbq.com,codysbbq.com,Referer,Enabled
coinsruss.com,coinsruss.com,Referer,Enabled
companycheck.co.uk,companycheck.co.uk,Referer,Enabled
conceptfeedback.com,conceptfeedback.com,Referer,Enabled
conciergegroup.org,conciergegroup.org,Referer,Enabled
confib.ifmo.ru,confib.ifmo.ru,Referer,Enabled
connectikastudio.com,connectikastudio.com,Referer,Enabled
cookie-law-enforcement-bb.xyz,cookie-law-enforcement-bb.xyz,Referer,Enabled
cookie-law-enforcement-cc.xyz,cookie-law-enforcement-cc.xyz,Referer,Enabled
cookie-law-enforcement-dd.xyz,cookie-law-enforcement-dd.xyz,Referer,Enabled
cookie-law-enforcement-ee.xyz,cookie-law-enforcement-ee.xyz,Referer,Enabled
cookie-law-enforcement-ff.xyz,cookie-law-enforcement-ff.xyz,Referer,Enabled
cookie-law-enforcement-ii.xyz,cookie-law-enforcement-ii.xyz,Referer,Enabled
cookingmeat.ru,cookingmeat.ru,Referer,Enabled
cool-wedding.net,cool-wedding.net,Referer,Enabled
coop-gamers.ru,coop-gamers.ru,Referer,Enabled
copyrightclaims.org,copyrightclaims.org,Referer,Enabled
covadhosting.biz,covadhosting.biz,Referer,Enabled
creditgate.com,creditgate.com,Referer,Enabled
crgfa.org,crgfa.org,Referer,Enabled
crm.muchosol.com,crm.muchosol.com,Referer,Enabled
cs-data.ru,cs-data.ru,Referer,Enabled
cubook.supernew.org,cubook.supernew.org,Referer,Enabled
customsua.com.ua,customsua.com.ua,Referer,Enabled
cutalltheshit.com,cutalltheshit.com,Referer,Enabled
cxpromote.com,cxpromote.com,Referer,Enabled
cyber-monday.ga,cyber-monday.ga,Referer,Enabled
dailyrank.net,dailyrank.net,Referer,Enabled
darkbyte.ru,darkbyte.ru,Referer,Enabled
darodar.com,darodar.com,Referer,Enabled
dbutton.net,dbutton.net,Referer,Enabled
dear-diary.ru,dear-diary.ru,Referer,Enabled
dekorkeramik.ru,dekorkeramik.ru,Referer,Enabled
delfin-aqua.com.ua,delfin-aqua.com.ua,Referer,Enabled
demenageur.com,demenageur.com,Referer,Enabled
demo-babes.blogspot.com,demo-babes.blogspot.com,Referer,Enabled
den-noch24.ru,den-noch24.ru,Referer,Enabled
dentuled.net,dentuled.net,Referer,Enabled
depositfiles-porn.ga,depositfiles-porn.ga,Referer,Enabled
descargar-musica-gratis.net,descargar-musica-gratis.net,Referer,Enabled
descargar-musicas-gratis.com,descargar-musicas-gratis.com,Referer,Enabled
designdevise.com,designdevise.com,Referer,Enabled
desktopnexus.com,desktopnexus.com,Referer,Enabled
detskie-konstruktory.ru,detskie-konstruktory.ru,Referer,Enabled
detskie-zabavi.ru,detskie-zabavi.ru,Referer,Enabled
digitalfaq.com,digitalfaq.com,Referer,Enabled
dimkino.ru,dimkino.ru,Referer,Enabled
dipstar.org,dipstar.org,Referer,Enabled
diradvantage.com,diradvantage.com,Referer,Enabled
directory-free.com,directory-free.com,Referer,Enabled
"directoryaddurlsstore,com","directoryaddurlsstore,com",Referer,Enabled
directorycapital.com,directorycapital.com,Referer,Enabled
directorywebuk.co.uk,directorywebuk.co.uk,Referer,Enabled
dirfusion.co.uk,dirfusion.co.uk,Referer,Enabled
dirhub.net,dirhub.net,Referer,Enabled
diy-handmade-ideas.com,diy-handmade-ideas.com,Referer,Enabled
djekxa.ru,djekxa.ru,Referer,Enabled
djonwatch.ru,djonwatch.ru,Referer,Enabled
dktr.ru,dktr.ru,Referer,Enabled
dnepr-avtospar.com.ua,dnepr-avtospar.com.ua,Referer,Enabled
dneprsvet.com.ua,dneprsvet.com.ua,Referer,Enabled
dnph.com,dnph.com,Referer,Enabled
dobbersports.com,dobbersports.com,Referer,Enabled
dojki-hd.com,dojki-hd.com,Referer,Enabled
dokumentalkino.net,dokumentalkino.net,Referer,Enabled
domain-tracker.com,domain-tracker.com,Referer,Enabled
domaintools.com,domaintools.com,Referer,Enabled
domdeco.net,domdeco.net,Referer,Enabled
domik-derevne.ru,domik-derevne.ru,Referer,Enabled
dominateforex.ml,dominateforex.ml,Referer,Enabled
domination.ml,domination.ml,Referer,Enabled
dominterior.org,dominterior.org,Referer,Enabled
donnybrook.osits.com,donnybrook.osits.com,Referer,Enabled
doska-vsem.ru,doska-vsem.ru,Referer,Enabled
dostavka-alcogolya.com,dostavka-alcogolya.com,Referer,Enabled
dostavka-v-krym.com,dostavka-v-krym.com,Referer,Enabled
douillet.info,douillet.info,Referer,Enabled
downloadmusicmp3.top,downloadmusicmp3.top,Referer,Enabled
dp.g.doubleclick.net,dp.g.doubleclick.net,Referer,Enabled
drugstoreforyou.com,drugstoreforyou.com,Referer,Enabled
drupa.com,drupa.com,Referer,Enabled
dubreuil.agat.net,dubreuil.agat.net,Referer,Enabled
duckduckgo.com,duckduckgo.com,Referer,Enabled
dvr.biz.ua,dvr.biz.ua,Referer,Enabled
e-buyeasy.com,e-buyeasy.com,Referer,Enabled
e-kwiaciarz.pl,e-kwiaciarz.pl,Referer,Enabled
easycommerce.cf,easycommerce.cf,Referer,Enabled
ebin.cc,ebin.cc,Referer,Enabled
ebony.porndairy.in,ebony.porndairy.in,Referer,Enabled
ecomp3.ru,ecomp3.ru,Referer,Enabled
econom.co,econom.co,Referer,Enabled
edakgfvwql.ru,edakgfvwql.ru,Referer,Enabled
egovaleo.it,egovaleo.it,Referer,Enabled
ekaterinburg.xrus.org,ekaterinburg.xrus.org,Referer,Enabled
ekspertmed.com,ekspertmed.com,Referer,Enabled
ekto.ee,ekto.ee,Referer,Enabled
el-nation.com,el-nation.com,Referer,Enabled
electricwheelchairsfind.com,electricwheelchairsfind.com,Referer,Enabled
electronicsarena.co.uk,electronicsarena.co.uk,Referer,Enabled
ellysmarket.com,ellysmarket.com,Referer,Enabled
elmifarhangi.com,elmifarhangi.com,Referer,Enabled
eluscvs91.over-blog.com,eluscvs91.over-blog.com,Referer,Enabled
elvel.com.ua,elvel.com.ua,Referer,Enabled
elz.by,elz.by,Referer,Enabled
embedle.com,embedle.com,Referer,Enabled
energy-ua.com,energy-ua.com,Referer,Enabled
ereko.ru,ereko.ru,Referer,Enabled
erot.co,erot.co,Referer,Enabled
ertelecom.ru,ertelecom.ru,Referer,Enabled
escort-russian.com,escort-russian.com,Referer,Enabled
este-line.com.ua,este-line.com.ua,Referer,Enabled
etahotspot.lainit.it,etahotspot.lainit.it,Referer,Enabled
"eu cookie law eu-cookie-law.info","eu cookie law eu-cookie-law.info",Referer,Enabled
eu-cookie-law-enforcement-#.xyz,eu-cookie-law-enforcement-#.xyz,Referer,Enabled
eu-cookie-law-enforcement-6.xyz,eu-cookie-law-enforcement-6.xyz,Referer,Enabled
eu-cookie-law-enforcement-7.xyz,eu-cookie-law-enforcement-7.xyz,Referer,Enabled
eu-cookie-law-enforcement2.xyz,eu-cookie-law-enforcement2.xyz,Referer,Enabled
eu-cookie-law.blogspot.com,eu-cookie-law.blogspot.com,Referer,Enabled
eu-cookie-law.info,eu-cookie-law.info,Referer,Enabled
euromasterclass.ru,euromasterclass.ru,Referer,Enabled
euronis-free.com,euronis-free.com,Referer,Enabled
europages.com.ru,europages.com.ru,Referer,Enabled
eurosamodelki.ru,eurosamodelki.ru,Referer,Enabled
event-tracking.com,event-tracking.com,Referer,Enabled
extener.com,extener.com,Referer,Enabled
extener.org,extener.org,Referer,Enabled
ezvcfucp.fr,ezvcfucp.fr,Referer,Enabled
facebook-mobile.xyz,facebook-mobile.xyz,Referer,Enabled
fanoboi.com,fanoboi.com,Referer,Enabled
fast-wordpress-start.com,fast-wordpress-start.com,Referer,Enabled
fbdownloader.com,fbdownloader.com,Referer,Enabled
fbfreegifts.com,fbfreegifts.com,Referer,Enabled
fealq.com,fealq.com,Referer,Enabled
feargames.ru,feargames.ru,Referer,Enabled
feedback.sharemyfile.ru,feedback.sharemyfile.ru,Referer,Enabled
feedouble.com,feedouble.com,Referer,Enabled
feedouble.net,feedouble.net,Referer,Enabled
femmesdenudees.com,femmesdenudees.com,Referer,Enabled
fermersovet.ru,fermersovet.ru,Referer,Enabled
fetti.ru,fetti.ru,Referer,Enabled
filmidivx.com,filmidivx.com,Referer,Enabled
find.rockettab.com,find.rockettab.com,Referer,Enabled
findeen.de,findeen.de,Referer,Enabled
finteks.ru,finteks.ru,Referer,Enabled
fix-website-errors.com,fix-website-errors.com,Referer,Enabled
fleetpijrat.us11.list-manage.com,fleetpijrat.us11.list-manage.com,Referer,Enabled
fleetpijrat.us11.list-manage1.com,fleetpijrat.us11.list-manage1.com,Referer,Enabled
floating-share-buttons.com,floating-share-buttons.com,Referer,Enabled
flooringinstallation-edmonton.com,flooringinstallation-edmonton.com,Referer,Enabled
flora.huh.harvard.edu,flora.huh.harvard.edu,Referer,Enabled
flprog.com,flprog.com,Referer,Enabled
fmyykj.com,fmyykj.com,Referer,Enabled
fo-factory.ru,fo-factory.ru,Referer,Enabled
folowsites.xyz,folowsites.xyz,Referer,Enabled
for-your.website,for-your.website,Referer,Enabled
foreignperspectives.com,foreignperspectives.com,Referer,Enabled
forex-procto.ru,forex-procto.ru,Referer,Enabled
forexgb.ru,forexgb.ru,Referer,Enabled
forsex.info,forsex.info,Referer,Enabled
forum.poker4life.ru,forum.poker4life.ru,Referer,Enabled
forum.topic.6hopping.com,forum.topic.6hopping.com,Referer,Enabled
forum.topic27407201.ilovevitaly.xyz,forum.topic27407201.ilovevitaly.xyz,Referer,Enabled
forum.topic30150499.ilovevitaly.xyz,forum.topic30150499.ilovevitaly.xyz,Referer,Enabled
forum.topic31625638.ilovevitaly.xyz,forum.topic31625638.ilovevitaly.xyz,Referer,Enabled
forum.topic33007703.ilovevitaly.xyz,forum.topic33007703.ilovevitaly.xyz,Referer,Enabled
forum.topic41419611.ilovevitaly.xyz,forum.topic41419611.ilovevitaly.xyz,Referer,Enabled
forum.topic42507729.6hopping.com,forum.topic42507729.6hopping.com,Referer,Enabled
forum.topic44573973.ilovevitaly.xyz,forum.topic44573973.ilovevitaly.xyz,Referer,Enabled
forum.topic45339555.ilovevitaly.xyz,forum.topic45339555.ilovevitaly.xyz,Referer,Enabled
forum.topic47997947.ilovevitaly.xyz,forum.topic47997947.ilovevitaly.xyz,Referer,Enabled
forum.topic48379382.darodar.com,forum.topic48379382.darodar.com,Referer,Enabled
forum.topic48968238.ilovevitaly.xyz,forum.topic48968238.ilovevitaly.xyz,Referer,Enabled
forum.topic49909345.ilovevitaly.xyz,forum.topic49909345.ilovevitaly.xyz,Referer,Enabled
forum.topic53791868.ilovevitaly.xyz,forum.topic53791868.ilovevitaly.xyz,Referer,Enabled
forum.topic55434276.ilovevitaly.xyz,forum.topic55434276.ilovevitaly.xyz,Referer,Enabled
forum.topic55452403.6hopping.com,forum.topic55452403.6hopping.com,Referer,Enabled
forum.topic55716820.6hopping.com,forum.topic55716820.6hopping.com,Referer,Enabled
forum.topic56860998.ilovevitaly.xyz,forum.topic56860998.ilovevitaly.xyz,Referer,Enabled
forum.topic61341467.6hopping.com,forum.topic61341467.6hopping.com,Referer,Enabled
forum.topic61341467.ilovevitaly.xyz,forum.topic61341467.ilovevitaly.xyz,Referer,Enabled
forum.topic63875055.ilovevitaly.xyz,forum.topic63875055.ilovevitaly.xyz,Referer,Enabled
forum.topic63876023.ilovevitaly.xyz,forum.topic63876023.ilovevitaly.xyz,Referer,Enabled
forum.topic65953161.ilovevitaly.xyz,forum.topic65953161.ilovevitaly.xyz,Referer,Enabled
forum.topic66866019.6hopping.com,forum.topic66866019.6hopping.com,Referer,Enabled
forum.topic68217544.ilovevitaly.xyz,forum.topic68217544.ilovevitaly.xyz,Referer,Enabled
forum.topic69673858.6hopping.com,forum.topic69673858.6hopping.com,Referer,Enabled
forum.topic70292530.ilovevitaly.xyz,forum.topic70292530.ilovevitaly.xyz,Referer,Enabled
forum.topic70768656.ilovevitaly.xyz,forum.topic70768656.ilovevitaly.xyz,Referer,Enabled
forum.topic72302112.ilovevitaly.xyz,forum.topic72302112.ilovevitaly.xyz,Referer,Enabled
forum.topic72975656.ghostvisitor.com,forum.topic72975656.ghostvisitor.com,Referer,Enabled
forum.topic73049031.ghostvisitor.com,forum.topic73049031.ghostvisitor.com,Referer,Enabled
forum.topic73114544.6hopping.com,forum.topic73114544.6hopping.com,Referer,Enabled
forum.topic73114544.ghostvisitor.com,forum.topic73114544.ghostvisitor.com,Referer,Enabled
forum.topic73187919.6hopping.com,forum.topic73187919.6hopping.com,Referer,Enabled
forum.topic73187919.ghostvisitor.com,forum.topic73187919.ghostvisitor.com,Referer,Enabled
forum.topic73187919.ilovevitaly.xyz,forum.topic73187919.ilovevitaly.xyz,Referer,Enabled
forum.topic73439363.ilovevitaly.xyz,forum.topic73439363.ilovevitaly.xyz,Referer,Enabled
forum.topic73677628.ilovevitaly.xyz,forum.topic73677628.ilovevitaly.xyz,Referer,Enabled
forum.topic73899613.ghostvisitor.com,forum.topic73899613.ghostvisitor.com,Referer,Enabled
forum.topic74038501.ghostvisitor.com,forum.topic74038501.ghostvisitor.com,Referer,Enabled
forum.topic74315022.ilovevitaly.xyz,forum.topic74315022.ilovevitaly.xyz,Referer,Enabled
forum.topic74768762.ilovevitaly.xyz,forum.topic74768762.ilovevitaly.xyz,Referer,Enabled
forum.topic74990171.ilovevitaly.xyz,forum.topic74990171.ilovevitaly.xyz,Referer,Enabled
forum.topic76376369.ghostvisitor.com,forum.topic76376369.ghostvisitor.com,Referer,Enabled
forum.topic76664404.ghostvisitor.com,forum.topic76664404.ghostvisitor.com,Referer,Enabled
forum.topic76803292.ghostvisitor.com,forum.topic76803292.ghostvisitor.com,Referer,Enabled
forum.topic77121945.ilovevitaly.xyz,forum.topic77121945.ilovevitaly.xyz,Referer,Enabled
forum.topic77418444.ghostvisitor.com,forum.topic77418444.ghostvisitor.com,Referer,Enabled
forum.topic77557332.ghostvisitor.com,forum.topic77557332.ghostvisitor.com,Referer,Enabled
forum.topic77944681.ghostvisitor.com,forum.topic77944681.ghostvisitor.com,Referer,Enabled
forum.topic78259892.ghostvisitor.com,forum.topic78259892.ghostvisitor.com,Referer,Enabled
forum.topic78323019.ghostvisitor.com,forum.topic78323019.ghostvisitor.com,Referer,Enabled
forum.topic78461907.ghostvisitor.com,forum.topic78461907.ghostvisitor.com,Referer,Enabled
forum20.smailik.org,forum20.smailik.org,Referer,Enabled
forum69.info,forum69.info,Referer,Enabled
forumsisadmina.ru,forumsisadmina.ru,Referer,Enabled
fredeco.com,fredeco.com,Referer,Enabled
free-floating-buttons.com,free-floating-buttons.com,Referer,Enabled
free-share-buttons-ccc.xyz,free-share-buttons-ccc.xyz,Referer,Enabled
free-share-buttons-ddd.xyz,free-share-buttons-ddd.xyz,Referer,Enabled
free-share-buttons-fff.xyz,free-share-buttons-fff.xyz,Referer,Enabled
free-share-buttons.ccc.xyz,free-share-buttons.ccc.xyz,Referer,Enabled
free-share-buttons.co,free-share-buttons.co,Referer,Enabled
free-share-buttons.com,free-share-buttons.com,Referer,Enabled
free-share-buttons.xyz,free-share-buttons.xyz,Referer,Enabled
free-social-buttons-aaa.xyz,free-social-buttons-aaa.xyz,Referer,Enabled
free-social-buttons-bbb.xyz,free-social-buttons-bbb.xyz,Referer,Enabled
free-social-buttons-ccc.xyz,free-social-buttons-ccc.xyz,Referer,Enabled
free-social-buttons-ddd.xyz,free-social-buttons-ddd.xyz,Referer,Enabled
free-social-buttons-iii.xyz,free-social-buttons-iii.xyz,Referer,Enabled
free-social-buttons.3xyz,free-social-buttons.3xyz,Referer,Enabled
free-social-buttons.com,free-social-buttons.com,Referer,Enabled
free-social-buttons.org,free-social-buttons.org,Referer,Enabled
free-social-buttons.xyz,free-social-buttons.xyz,Referer,Enabled
free-social-buttons1.xyz,free-social-buttons1.xyz,Referer,Enabled
free-social-buttons2.xyz,free-social-buttons2.xyz,Referer,Enabled
free-social-buttons4.xyz,free-social-buttons4.xyz,Referer,Enabled
free-social-buttons5.xyz,free-social-buttons5.xyz,Referer,Enabled
free-social-buttons6.xyz,free-social-buttons6.xyz,Referer,Enabled
free-social-buttons7.xyz,free-social-buttons7.xyz,Referer,Enabled
free-social-buttons8.xyz,free-social-buttons8.xyz,Referer,Enabled
free-social-buttons9.xyz,free-social-buttons9.xyz,Referer,Enabled
free-traffic.xyz,free-traffic.xyz,Referer,Enabled
free-video-tool.com,free-video-tool.com,Referer,Enabled
freewhatsappload.com,freewhatsappload.com,Referer,Enabled
fsalas.com,fsalas.com,Referer,Enabled
fuck-paid-share-buttons.xyz,fuck-paid-share-buttons.xyz,Referer,Enabled
futanari.blogporn.in,futanari.blogporn.in,Referer,Enabled
fvg.jmgrafisk.dk,fvg.jmgrafisk.dk,Referer,Enabled
gallien-krueger.value-sale.com,gallien-krueger.value-sale.com,Referer,Enabled
gamezebo.com,gamezebo.com,Referer,Enabled
gaygalls.net,gaygalls.net,Referer,Enabled
gazobetondom.com.ua,gazobetondom.com.ua,Referer,Enabled
gazoblok-gazobeton.com.ua,gazoblok-gazobeton.com.ua,Referer,Enabled
gelendzhik.xrus.org,gelendzhik.xrus.org,Referer,Enabled
generalporn.org,generalporn.org,Referer,Enabled
germes-trans.com,germes-trans.com,Referer,Enabled
get-free-social-traffic.com,get-free-social-traffic.com,Referer,Enabled
get-free-traffic-now.com,get-free-traffic-now.com,Referer,Enabled
get-your-social-buttons.info,get-your-social-buttons.info,Referer,Enabled
getlamborghini.ga,getlamborghini.ga,Referer,Enabled
getrichquick.ml,getrichquick.ml,Referer,Enabled
getrichquickly.info,getrichquickly.info,Referer,Enabled
getrichslowly.org,getrichslowly.org,Referer,Enabled
getyourprofit.net,getyourprofit.net,Referer,Enabled
ggbaker.com,ggbaker.com,Referer,Enabled
ghazel.ru,ghazel.ru,Referer,Enabled
ghostvisitor.com,ghostvisitor.com,Referer,Enabled
gingerhotels.com,gingerhotels.com,Referer,Enabled
girlporn.ru,girlporn.ru,Referer,Enabled
gkvector.ru,gkvector.ru,Referer,Enabled
glass-msk.ru,glass-msk.ru,Referer,Enabled
glavprofit.ru,glavprofit.ru,Referer,Enabled
glutenfreedetectiveagency.com,glutenfreedetectiveagency.com,Referer,Enabled
go.ekatalog.xyz,go.ekatalog.xyz,Referer,Enabled
gobongo.info,gobongo.info,Referer,Enabled
gogps.me,gogps.me,Referer,Enabled
goodprotein.ru,goodprotein.ru,Referer,Enabled
googleads.g.doubleclick.net,googleads.g.doubleclick.net,Referer,Enabled
googlemare.com,googlemare.com,Referer,Enabled
googlsucks.com,googlsucks.com,Referer,Enabled
govome.inspsearch.com,govome.inspsearch.com,Referer,Enabled
grand-chlen.ru,grand-chlen.ru,Referer,Enabled
gratuitbaise.com,gratuitbaise.com,Referer,Enabled
grokbase.com,grokbase.com,Referer,Enabled
groupmoney.ru,groupmoney.ru,Referer,Enabled
growshop.es,growshop.es,Referer,Enabled
gsmtlf.ru,gsmtlf.ru,Referer,Enabled
gtadrifting.net,gtadrifting.net,Referer,Enabled
guardlink.org,guardlink.org,Referer,Enabled
guruofcasino.com,guruofcasino.com,Referer,Enabled
gwnrg.com,gwnrg.com,Referer,Enabled
hacktoast.org,hacktoast.org,Referer,Enabled
hampshire-sites.xyz,hampshire-sites.xyz,Referer,Enabled
handicapvantoday.com,handicapvantoday.com,Referer,Enabled
handydirectory.co.uk,handydirectory.co.uk,Referer,Enabled
happy.new.yeartwit.com,happy.new.yeartwit.com,Referer,Enabled
hardcore.anzwers.net,hardcore.anzwers.net,Referer,Enabled
havens.co.uk,havens.co.uk,Referer,Enabled
havepussy.com,havepussy.com,Referer,Enabled
hdmoviecamera.net,hdmoviecamera.net,Referer,Enabled
healbio.ru,healbio.ru,Referer,Enabled
healgastro.com,healgastro.com,Referer,Enabled
healmytrauma.info,healmytrauma.info,Referer,Enabled
healthytheory.com,healthytheory.com,Referer,Enabled
hifidesign.ru,hifidesign.ru,Referer,Enabled
homelygarden.com,homelygarden.com,Referer,Enabled
hometube78.ru,hometube78.ru,Referer,Enabled
hometube79.ru,hometube79.ru,Referer,Enabled
hongfanji.com,hongfanji.com,Referer,Enabled
hongganji.com,hongganji.com,Referer,Enabled
hoporno.com,hoporno.com,Referer,Enabled
hosting-tracker.com,hosting-tracker.com,Referer,Enabled
how-to-earn-quick-money.com,how-to-earn-quick-money.com,Referer,Enabled
how.to.travel.and.make.66866019.money.online.for.free.with.maps.ilovevitaly.com,how.to.travel.and.make.66866019.money.online.for.free.with.maps.ilovevitaly.com,Referer,Enabled
how.to.travel.and.make.71282619.money.with.maps.ilikevitaly.com,how.to.travel.and.make.71282619.money.with.maps.ilikevitaly.com,Referer,Enabled
how.to.travel.and.make.money.online.for.free.with.maps.ilovevitaly.com,how.to.travel.and.make.money.online.for.free.with.maps.ilovevitaly.com,Referer,Enabled
how.to.travel.and.make.money.with.maps.ilikevitaly.com,how.to.travel.and.make.money.with.maps.ilikevitaly.com,Referer,Enabled
howopen.ru,howopen.ru,Referer,Enabled
howtostopreferralspam.com,howtostopreferralspam.com,Referer,Enabled
howtostopreferralspam.eu,howtostopreferralspam.eu,Referer,Enabled
hspline.com,hspline.com,Referer,Enabled
hulbee.com,hulbee.com,Referer,Enabled
hulfingtonpost.com,hulfingtonpost.com,Referer,Enabled
humanorightswatch.org,humanorightswatch.org,Referer,Enabled
hundejo.com,hundejo.com,Referer,Enabled
hvd-store.com,hvd-store.com,Referer,Enabled
hydropump.su,hydropump.su,Referer,Enabled
hyipmanager.in,hyipmanager.in,Referer,Enabled
iaswww.com,iaswww.com,Referer,Enabled
ico.re,ico.re,Referer,Enabled
idc.com.ua,idc.com.ua,Referer,Enabled
ideibiznesa2015.ru,ideibiznesa2015.ru,Referer,Enabled
iedit.ilovevitaly.com,iedit.ilovevitaly.com,Referer,Enabled
IfuckVitaly.com,IfuckVitaly.com,Referer,Enabled
igru-torrent.net,igru-torrent.net,Referer,Enabled
igru-xbox.net,igru-xbox.net,Referer,Enabled
ILikeVitaly.com,ILikeVitaly.com,Referer,Enabled
illagedusexe.com,illagedusexe.com,Referer,Enabled
iloveitaly.com,iloveitaly.com,Referer,Enabled
iloveitaly.ro,iloveitaly.ro,Referer,Enabled
iloveitaly.ru,iloveitaly.ru,Referer,Enabled
ILoveVitalii.com,ILoveVitalii.com,Referer,Enabled
ilovevitaly.co,ilovevitaly.co,Referer,Enabled
ilovevitaly.com,ilovevitaly.com,Referer,Enabled
ILoveVitaly.de,ILoveVitaly.de,Referer,Enabled
ILoveVitaly.es,ILoveVitaly.es,Referer,Enabled
ILoveVitaly.in,ILoveVitaly.in,Referer,Enabled
ilovevitaly.info,ilovevitaly.info,Referer,Enabled
ILoveVitaly.jp,ILoveVitaly.jp,Referer,Enabled
ILoveVitaly.Net,ILoveVitaly.Net,Referer,Enabled
ilovevitaly.org,ilovevitaly.org,Referer,Enabled
ILoveVitaly.pro,ILoveVitaly.pro,Referer,Enabled
ilovevitaly.ru,ilovevitaly.ru,Referer,Enabled
iminent.com,iminent.com,Referer,Enabled
imperiafilm.ru,imperiafilm.ru,Referer,Enabled
inbabes.sexushost.com,inbabes.sexushost.com,Referer,Enabled
increasewwwtraffic.info,increasewwwtraffic.info,Referer,Enabled
indcsqunikem.eu,indcsqunikem.eu,Referer,Enabled
index-au.com,index-au.com,Referer,Enabled
info-speed.com,info-speed.com,Referer,Enabled
insight.infolinks.com,insight.infolinks.com,Referer,Enabled
int.search.tb.ask.com,int.search.tb.ask.com,Referer,Enabled
inter.rs,inter.rs,Referer,Enabled
intervsem.ru,intervsem.ru,Referer,Enabled
investingclub.ru,investingclub.ru,Referer,Enabled
investpamm.ru,investpamm.ru,Referer,Enabled
inzn.ru,inzn.ru,Referer,Enabled
iqoption-bin.com,iqoption-bin.com,Referer,Enabled
iqoption.pro,iqoption.pro,Referer,Enabled
irkutsk.xrus.org,irkutsk.xrus.org,Referer,Enabled
isaserver.org,isaserver.org,Referer,Enabled
isistaylorporn.info,isistaylorporn.info,Referer,Enabled
iskalko.ru,iskalko.ru,Referer,Enabled
ispaniya-costa-blanca.ru,ispaniya-costa-blanca.ru,Referer,Enabled
istock-mebel.ru,istock-mebel.ru,Referer,Enabled
it-max.com.ua,it-max.com.ua,Referer,Enabled
it.yhs4.search.yahoo.com,it.yhs4.search.yahoo.com,Referer,Enabled
itbc.kiev.ua,itbc.kiev.ua,Referer,Enabled
iv.gtadrifting.net,iv.gtadrifting.net,Referer,Enabled
izhevsk.xrus.org,izhevsk.xrus.org,Referer,Enabled
izoll.ru,izoll.ru,Referer,Enabled
j-huebner.de,j-huebner.de,Referer,Enabled
japfm.com,japfm.com,Referer,Enabled
jeepgarage.org,jeepgarage.org,Referer,Enabled
jjbabskoe.ru,jjbabskoe.ru,Referer,Enabled
jm-aj.com,jm-aj.com,Referer,Enabled
joachimrohde.com,joachimrohde.com,Referer,Enabled
joinandplay.me,joinandplay.me,Referer,Enabled
joingames.org,joingames.org,Referer,Enabled
jouwpagina.nl,jouwpagina.nl,Referer,Enabled
juspe.no,juspe.no,Referer,Enabled
justprofit.xyz,justprofit.xyz,Referer,Enabled
justyou1118.com,justyou1118.com,Referer,Enabled
jw.org,jw.org,Referer,Enabled
kabbalah-red-bracelets.com,kabbalah-red-bracelets.com,Referer,Enabled
kambasoft.com,kambasoft.com,Referer,Enabled
kambasoft.om,kambasoft.om,Referer,Enabled
karadene.com,karadene.com,Referer,Enabled
karusel-market.ru,karusel-market.ru,Referer,Enabled
kazan.xrus.org,kazan.xrus.org,Referer,Enabled
kazrent.com,kazrent.com,Referer,Enabled
kclaus.com,kclaus.com,Referer,Enabled
kemerovo.xrus.org,kemerovo.xrus.org,Referer,Enabled
kenstat.net,kenstat.net,Referer,Enabled
keycode19438785.spacebarnot.work,keycode19438785.spacebarnot.work,Referer,Enabled
keywords-monitoring-success.com,keywords-monitoring-success.com,Referer,Enabled
keywords-monitoring-your-success.com,keywords-monitoring-your-success.com,Referer,Enabled
kinderok.com,kinderok.com,Referer,Enabled
kinds.biz,kinds.biz,Referer,Enabled
kingtale3.inspsearch.com,kingtale3.inspsearch.com,Referer,Enabled
kino-filmi.com,kino-filmi.com,Referer,Enabled
kino-fun.r,kino-fun.r,Referer,Enabled
kino-fun.ru,kino-fun.ru,Referer,Enabled
kino-key.info,kino-key.info,Referer,Enabled
kinobaks.com,kinobaks.com,Referer,Enabled
kinopolet.net,kinopolet.net,Referer,Enabled
kirov.xrus.org,kirov.xrus.org,Referer,Enabled
kiwe-analytics.com,kiwe-analytics.com,Referer,Enabled
kmprospect.azurewebsites.net0n-line.tv,kmprospect.azurewebsites.net0n-line.tv,Referer,Enabled
knigonosha.net,knigonosha.net,Referer,Enabled
komputers-best.ru,komputers-best.ru,Referer,Enabled
konkursov.net,konkursov.net,Referer,Enabled
kostroma.xrus.org,kostroma.xrus.org,Referer,Enabled
krasivoe-hd.com,krasivoe-hd.com,Referer,Enabled
krasnodar.xrus.org,krasnodar.xrus.org,Referer,Enabled
krasnoyarsk.xrus.org,krasnoyarsk.xrus.org,Referer,Enabled
krynica.info,krynica.info,Referer,Enabled
kswien.at,kswien.at,Referer,Enabled
kupit-adenu.ru,kupit-adenu.ru,Referer,Enabled
kvectim.ru,kvectim.ru,Referer,Enabled
kwoori.org,kwoori.org,Referer,Enabled
kxyzpl.fr,kxyzpl.fr,Referer,Enabled
la-fa.ru,la-fa.ru,Referer,Enabled
labplus.ru,labplus.ru,Referer,Enabled
ladykrossovki.ru,ladykrossovki.ru,Referer,Enabled
lakesimg.com,lakesimg.com,Referer,Enabled
latin.porndairy.in,latin.porndairy.in,Referer,Enabled
laurenconrad.com,laurenconrad.com,Referer,Enabled
law-enforcement-bb.xyz,law-enforcement-bb.xyz,Referer,Enabled
law-enforcement-bot-aa.xyz,law-enforcement-bot-aa.xyz,Referer,Enabled
law-enforcement-bot-cc.xyz,law-enforcement-bot-cc.xyz,Referer,Enabled
law-enforcement-bot-dd.xyz,law-enforcement-bot-dd.xyz,Referer,Enabled
law-enforcement-bot-ee.xyz,law-enforcement-bot-ee.xyz,Referer,Enabled
law-enforcement-bot-ff.xyz,law-enforcement-bot-ff.xyz,Referer,Enabled
law-enforcement-bot-gg.xyz,law-enforcement-bot-gg.xyz,Referer,Enabled
law-enforcement-bot-hh.xyz,law-enforcement-bot-hh.xyz,Referer,Enabled
law-enforcement-bot-ii.xyz,law-enforcement-bot-ii.xyz,Referer,Enabled
law-enforcement-check-four.xyz,law-enforcement-check-four.xyz,Referer,Enabled
law-enforcement-check-one.xyz,law-enforcement-check-one.xyz,Referer,Enabled
law-enforcement-check-three.xyz,law-enforcement-check-three.xyz,Referer,Enabled
law-enforcement-check-two.xyz,law-enforcement-check-two.xyz,Referer,Enabled
law-enforcement-dd.xyz,law-enforcement-dd.xyz,Referer,Enabled
law-enforcement-ee.xyz,law-enforcement-ee.xyz,Referer,Enabled
law-enforcement-ff.xyz,law-enforcement-ff.xyz,Referer,Enabled
law-enforcement-gg.xyz,law-enforcement-gg.xyz,Referer,Enabled
law-enforcement-hh.xyz,law-enforcement-hh.xyz,Referer,Enabled
law-enforcement-ii.xyz,law-enforcement-ii.xyz,Referer,Enabled
law-one.xyz,law-one.xyz,Referer,Enabled
law-three.xyz,law-three.xyz,Referer,Enabled
laxdrills.com,laxdrills.com,Referer,Enabled
leafwind.me,leafwind.me,Referer,Enabled
leatherup.com,leatherup.com,Referer,Enabled
ledekole.com,ledekole.com,Referer,Enabled
leedongin.com,leedongin.com,Referer,Enabled
lego4x4.ru,lego4x4.ru,Referer,Enabled
lemoteur.orange.fr,lemoteur.orange.fr,Referer,Enabled
lenoreno.com,lenoreno.com,Referer,Enabled
lesbianhentai.xblog.in,lesbianhentai.xblog.in,Referer,Enabled
lesbianmilf.xblog.in,lesbianmilf.xblog.in,Referer,Enabled
letolove.ru,letolove.ru,Referer,Enabled
letous.ru,letous.ru,Referer,Enabled
lib.uoi.gr,lib.uoi.gr,Referer,Enabled
light.ifmo.ru,light.ifmo.ru,Referer,Enabled
likesdesign.com,likesdesign.com,Referer,Enabled
lilishopstogether.com,lilishopstogether.com,Referer,Enabled
line.tv,line.tv,Referer,Enabled
linindex.bix,linindex.bix,Referer,Enabled
link.web-list.xyz,link.web-list.xyz,Referer,Enabled
linkdirect.info,linkdirect.info,Referer,Enabled
linkman.io,linkman.io,Referer,Enabled
linksresources.net,linksresources.net,Referer,Enabled
linkssubmit.net,linkssubmit.net,Referer,Enabled
lirunet.ru,lirunet.ru,Referer,Enabled
littleberry.ru,littleberry.ru,Referer,Enabled
livefixer.com,livefixer.com,Referer,Enabled
loanvillage.com,loanvillage.com,Referer,Enabled
lomb.co,lomb.co,Referer,Enabled
long.dk,long.dk,Referer,Enabled
lost-alpha.ru,lost-alpha.ru,Referer,Enabled
loveawake.ru,loveawake.ru,Referer,Enabled
lover.ru,lover.ru,Referer,Enabled
LoveVitaly.com,LoveVitaly.com,Referer,Enabled
lsblogs.com,lsblogs.com,Referer,Enabled
lsex.xyz,lsex.xyz,Referer,Enabled
lumb.co,lumb.co,Referer,Enabled
lumi.do,lumi.do,Referer,Enabled
luxup.ru,luxup.ru,Referer,Enabled
m-google.xyz,m-google.xyz,Referer,Enabled
magazine.ouishare.net,magazine.ouishare.net,Referer,Enabled
magicdiet.gq,magicdiet.gq,Referer,Enabled
magnitogorsk.xrus.org,magnitogorsk.xrus.org,Referer,Enabled
make-money-online.com,make-money-online.com,Referer,Enabled
makemoneyonline.com,makemoneyonline.com,Referer,Enabled
makeprogress.ga,makeprogress.ga,Referer,Enabled
maladot.com,maladot.com,Referer,Enabled
manualterap.roleforum.ru,manualterap.roleforum.ru,Referer,Enabled
maps.ilovevitaly.com,maps.ilovevitaly.com,Referer,Enabled
marc.ttias.be,marc.ttias.be,Referer,Enabled
maridan.com.ua,maridan.com.ua,Referer,Enabled
marketland.ml,marketland.ml,Referer,Enabled
markmail.org,markmail.org,Referer,Enabled
masterseek.com,masterseek.com,Referer,Enabled
mastershef.club,mastershef.club,Referer,Enabled
mastersurreal.nl,mastersurreal.nl,Referer,Enabled
mature.free-websites.com,mature.free-websites.com,Referer,Enabled
maxentropy.net,maxentropy.net,Referer,Enabled
mebelcomplekt.ru,mebelcomplekt.ru,Referer,Enabled
mebeldekor.com.ua,mebeldekor.com.ua,Referer,Enabled
med-zdorovie.com.ua,med-zdorovie.com.ua,Referer,Enabled
meds-online24.com,meds-online24.com,Referer,Enabled
meendo-free-traffic.ga,meendo-free-traffic.ga,Referer,Enabled
megamozg.ru,megamozg.ru,Referer,Enabled
memovn.com,memovn.com,Referer,Enabled
mercedes.afora.ru,mercedes.afora.ru,Referer,Enabled
mfrancisco.com,mfrancisco.com,Referer,Enabled
micasainvest.com,micasainvest.com,Referer,Enabled
minegam.com,minegam.com,Referer,Enabled
mini.7zap.com,mini.7zap.com,Referer,Enabled
minyetki.ru,minyetki.ru,Referer,Enabled
mir-business-24.ru,mir-business-24.ru,Referer,Enabled
mirobuvi.com.ua,mirobuvi.com.ua,Referer,Enabled
mirtorrent.net,mirtorrent.net,Referer,Enabled
mistress.xblog.in,mistress.xblog.in,Referer,Enabled
mitrasound.ru,mitrasound.ru,Referer,Enabled
mlizcochico.com,mlizcochico.com,Referer,Enabled
mmog-play.ru,mmog-play.ru,Referer,Enabled
mobilemedia.md,mobilemedia.md,Referer,Enabled
mobot.site,mobot.site,Referer,Enabled
modabutik.ru,modabutik.ru,Referer,Enabled
mojam3.com,mojam3.com,Referer,Enabled
monetizationking.net,monetizationking.net,Referer,Enabled
money-every-day.com,money-every-day.com,Referer,Enabled
moneymaster.ru,moneymaster.ru,Referer,Enabled
moneytop.ru,moneytop.ru,Referer,Enabled
monitor-your-success.com,monitor-your-success.com,Referer,Enabled
moscow-region.ru,moscow-region.ru,Referer,Enabled
moscow.xrus.org,moscow.xrus.org,Referer,Enabled
mototsikl.org,mototsikl.org,Referer,Enabled
moyakuhnia.ru,moyakuhnia.ru,Referer,Enabled
mp3boo.cc,mp3boo.cc,Referer,Enabled
mp3ster.com,mp3ster.com,Referer,Enabled
mriyadh.com,mriyadh.com,Referer,Enabled
mrprrebtsd.com,mrprrebtsd.com,Referer,Enabled
msk.afora.ru,msk.afora.ru,Referer,Enabled
muscle-factory.com.ua,muscle-factory.com.ua,Referer,Enabled
musicprojectfoundation.com,musicprojectfoundation.com,Referer,Enabled
muz-shoes.ru,muz-shoes.ru,Referer,Enabled
my-big-family.com,my-big-family.com,Referer,Enabled
myfeetish.com,myfeetish.com,Referer,Enabled
myftpupload.com,myftpupload.com,Referer,Enabled
myhealthcare.com,myhealthcare.com,Referer,Enabled
myhomeideas.com,myhomeideas.com,Referer,Enabled
myprintscreen.com,myprintscreen.com,Referer,Enabled
mystart.dealwifi.com,mystart.dealwifi.com,Referer,Enabled
mystart3.dealwifi.com,mystart3.dealwifi.com,Referer,Enabled
mywbs.com,mywbs.com,Referer,Enabled
na-telefon.biz,na-telefon.biz,Referer,Enabled
nagdak.ru,nagdak.ru,Referer,Enabled
naturehelps.me,naturehelps.me,Referer,Enabled
naymz.com,naymz.com,Referer,Enabled
nedforspid.ru,nedforspid.ru,Referer,Enabled
net-profits.xyz,net-profits.xyz,Referer,Enabled
netpics.org,netpics.org,Referer,Enabled
netsidebar.com,netsidebar.com,Referer,Enabled
nevinwilliams.com,nevinwilliams.com,Referer,Enabled
new-look.-for-your.website,new-look.-for-your.website,Referer,Enabled
new-look.for-your.website,new-look.for-your.website,Referer,Enabled
nigma.ru,nigma.ru,Referer,Enabled
niki-mlt.ru,niki-mlt.ru,Referer,Enabled
nikkicox.dk,nikkicox.dk,Referer,Enabled
nimfa.pro,nimfa.pro,Referer,Enabled
noelbarrett.com,noelbarrett.com,Referer,Enabled
northernfreemason.com,northernfreemason.com,Referer,Enabled
notify.bluecoat.com,notify.bluecoat.com,Referer,Enabled
notify.vwag.com,notify.vwag.com,Referer,Enabled
novgorod.xrus.org,novgorod.xrus.org,Referer,Enabled
novosibirsk.xrus.org,novosibirsk.xrus.org,Referer,Enabled
novosti-hi-tech.ru,novosti-hi-tech.ru,Referer,Enabled
nudeside.com,nudeside.com,Referer,Enabled
nufaq.com,nufaq.com,Referer,Enabled
numrinje.com,numrinje.com,Referer,Enabled
o-o-6-o-o.com,o-o-6-o-o.com,Referer,Enabled
o-o-6-o-o.ru,o-o-6-o-o.ru,Referer,Enabled
o-o-8-o-o-.com,o-o-8-o-o-.com,Referer,Enabled
o-o-8-o-o.com,o-o-8-o-o.com,Referer,Enabled
o-o-8-o-o.ru,o-o-8-o-o.ru,Referer,Enabled
objectmix.com,objectmix.com,Referer,Enabled
office-windows.ru,office-windows.ru,Referer,Enabled
ok.ru,ok.ru,Referer,Enabled
okumc.net,okumc.net,Referer,Enabled
omsk.xrus.org,omsk.xrus.org,Referer,Enabled
online-hit.info,online-hit.info,Referer,Enabled
onlinetvseries.me,onlinetvseries.me,Referer,Enabled
"onlinetvseries.me/ referral","onlinetvseries.me/ referral",Referer,Enabled
onlyasiangayporn.blogspot.com,onlyasiangayporn.blogspot.com,Referer,Enabled
onlyforemont.ru,onlyforemont.ru,Referer,Enabled
onlywoman.org,onlywoman.org,Referer,Enabled
oonly.com,oonly.com,Referer,Enabled
ooo-olni.ru,ooo-olni.ru,Referer,Enabled
openfrost.com,openfrost.com,Referer,Enabled
openfrost.net,openfrost.net,Referer,Enabled
openmediasoft.com,openmediasoft.com,Referer,Enabled
ordernorxx.com,ordernorxx.com,Referer,Enabled
origin-my.ru,origin-my.ru,Referer,Enabled
osits.com,osits.com,Referer,Enabled
outlook.live.com,outlook.live.com,Referer,Enabled
outshop.ru,outshop.ru,Referer,Enabled
ownshop.cf,ownshop.cf,Referer,Enabled
ozas.net,ozas.net,Referer,Enabled
p-business.ru,p-business.ru,Referer,Enabled
palvira.com.ua,palvira.com.ua,Referer,Enabled
pechikamini.ru,pechikamini.ru,Referer,Enabled
perm.afora.ru,perm.afora.ru,Referer,Enabled
perm.xrus.org,perm.xrus.org,Referer,Enabled
petrovka-online.com,petrovka-online.com,Referer,Enabled
photokitchendesign.com,photokitchendesign.com,Referer,Enabled
pic2fly.com,pic2fly.com,Referer,Enabled
piter.xrus.org,piter.xrus.org,Referer,Enabled
pizza-imperia.com,pizza-imperia.com,Referer,Enabled
pizza-tycoon.com,pizza-tycoon.com,Referer,Enabled
platesauto.com,platesauto.com,Referer,Enabled
play-internet.pl,play-internet.pl,Referer,Enabled
playboyfiles.xblog.in,playboyfiles.xblog.in,Referer,Enabled
playtainment-studios.com,playtainment-studios.com,Referer,Enabled
plusnetwork.com,plusnetwork.com,Referer,Enabled
popads.net,popads.net,Referer,Enabled
pops.foundation,pops.foundation,Referer,Enabled
pornhub-forum.ga,pornhub-forum.ga,Referer,Enabled
pornhub-forum.uni.me,pornhub-forum.uni.me,Referer,Enabled
pornhub-ru.com,pornhub-ru.com,Referer,Enabled
pornhubforum.tk,pornhubforum.tk,Referer,Enabled
porno-video-chati.ru,porno-video-chati.ru,Referer,Enabled
pornoblood.com,pornoblood.com,Referer,Enabled
pornodojd.ru,pornodojd.ru,Referer,Enabled
pornoforadult.com,pornoforadult.com,Referer,Enabled
pornogig.com,pornogig.com,Referer,Enabled
pornophoto.xyz,pornophoto.xyz,Referer,Enabled
pornostate.tv,pornostate.tv,Referer,Enabled
portnoff.od.ua,portnoff.od.ua,Referer,Enabled
posharp.com,posharp.com,Referer,Enabled
powitania.pl,powitania.pl,Referer,Enabled
pozdravleniya-c.ru,pozdravleniya-c.ru,Referer,Enabled
pozdrawleniya.com,pozdrawleniya.com,Referer,Enabled
prepodka.net,prepodka.net,Referer,Enabled
priceg.com,priceg.com,Referer,Enabled
pricheski-video.com,pricheski-video.com,Referer,Enabled
pricingit.top,pricingit.top,Referer,Enabled
privatov-zapisi.ru,privatov-zapisi.ru,Referer,Enabled
prlog.ru,prlog.ru,Referer,Enabled
processregister.com,processregister.com,Referer,Enabled
producm.ru,producm.ru,Referer,Enabled
productivus.com,productivus.com,Referer,Enabled
prodvigator.ua,prodvigator.ua,Referer,Enabled
proekt-mos.ru,proekt-mos.ru,Referer,Enabled
prointer.net.ua,prointer.net.ua,Referer,Enabled
prokotov.com,prokotov.com,Referer,Enabled
prombudpostach.com.ua,prombudpostach.com.ua,Referer,Enabled
prometeimd.com,prometeimd.com,Referer,Enabled
promoforum.ru,promoforum.ru,Referer,Enabled
pronekut.com,pronekut.com,Referer,Enabled
provatedns.com,provatedns.com,Referer,Enabled
proverbialwoman.com,proverbialwoman.com,Referer,Enabled
psa48.ru,psa48.ru,Referer,Enabled
purchasepillsnorx.com,purchasepillsnorx.com,Referer,Enabled
qitt.ru,qitt.ru,Referer,Enabled
qnalist.com,qnalist.com,Referer,Enabled
qualitymarketzone.com,qualitymarketzone.com,Referer,Enabled
quick-seeker.com,quick-seeker.com,Referer,Enabled
quit-smoking.ga,quit-smoking.ga,Referer,Enabled
qwesa.ru,qwesa.ru,Referer,Enabled
r.duckduckgo.com,r.duckduckgo.com,Referer,Enabled
rabotaetvse.ru,rabotaetvse.ru,Referer,Enabled
rachaeledwards.com,rachaeledwards.com,Referer,Enabled
raibledesigns.com,raibledesigns.com,Referer,Enabled
raleightrianglerelocation.com,raleightrianglerelocation.com,Referer,Enabled
rank-checker.online,rank-checker.online,Referer,Enabled
rank.checker.online,rank.checker.online,Referer,Enabled
rankings-analytics.com,rankings-analytics.com,Referer,Enabled
ranksonic.com,ranksonic.com,Referer,Enabled
ranksonic.info,ranksonic.info,Referer,Enabled
ranksonic.net,ranksonic.net,Referer,Enabled
ranksonic.org,ranksonic.org,Referer,Enabled
rapidenetwork.eu,rapidenetwork.eu,Referer,Enabled
rapidgator-porn.ga,rapidgator-porn.ga,Referer,Enabled
rcb101.ru,rcb101.ru,Referer,Enabled
realnye-otzyvy.info,realnye-otzyvy.info,Referer,Enabled
realwire.com,realwire.com,Referer,Enabled
recipedays.ru,recipedays.ru,Referer,Enabled
recordstoreday.com,recordstoreday.com,Referer,Enabled
recsil.org,recsil.org,Referer,Enabled
rednise.com,rednise.com,Referer,Enabled
remontgruzovik.ru,remontgruzovik.ru,Referer,Enabled
replicaclub.ru,replicaclub.ru,Referer,Enabled
research.ifmo.ru,research.ifmo.ru,Referer,Enabled
resellerclub.com,resellerclub.com,Referer,Enabled
responsesource.com,responsesource.com,Referer,Enabled
responsive-test.net,responsive-test.net,Referer,Enabled
results.searchlock3.com,results.searchlock3.com,Referer,Enabled
retroliners.com,retroliners.com,Referer,Enabled
reversing.cc,reversing.cc,Referer,Enabled
revusa.com,revusa.com,Referer,Enabled
rheos.uk,rheos.uk,Referer,Enabled
rightenergysolutions.com.au,rightenergysolutions.com.au,Referer,Enabled
ring4rhino.com,ring4rhino.com,Referer,Enabled
romaniaindex.com,romaniaindex.com,Referer,Enabled
rospromtest.ru,rospromtest.ru,Referer,Enabled
rostov-don.ru,rostov-don.ru,Referer,Enabled
rostov.xrus.org,rostov.xrus.org,Referer,Enabled
royal-betting.net,royal-betting.net,Referer,Enabled
royal-investments.net,royal-investments.net,Referer,Enabled
ru-z.ru,ru-z.ru,Referer,Enabled
ru.meteotrend.com,ru.meteotrend.com,Referer,Enabled
runovschool.ua,runovschool.ua,Referer,Enabled
runstocks.com,runstocks.com,Referer,Enabled
rusexy.xyz,rusexy.xyz,Referer,Enabled
rvtv.ru,rvtv.ru,Referer,Enabled
ryans-air-adventures.com,ryans-air-adventures.com,Referer,Enabled
s.click.aliexpress.com,s.click.aliexpress.com,Referer,Enabled
sachaan.com,sachaan.com,Referer,Enabled
sad-torg.com.ua,sad-torg.com.ua,Referer,Enabled
sady-urala.ru,sady-urala.ru,Referer,Enabled
saitevpatorii.com,saitevpatorii.com,Referer,Enabled
sale-japan.com,sale-japan.com,Referer,Enabled
samara.xrus.org,samara.xrus.org,Referer,Enabled
samo-soznanie.ru,samo-soznanie.ru,Referer,Enabled
samsungitem.com,samsungitem.com,Referer,Enabled
sanjosestartups.com,sanjosestartups.com,Referer,Enabled
santasgift.ml,santasgift.ml,Referer,Enabled
saratov.xrus.org,saratov.xrus.org,Referer,Enabled
satellite.maps.ilovevitaly.com,satellite.maps.ilovevitaly.com,Referer,Enabled
savetubevideo.com,savetubevideo.com,Referer,Enabled
scanrating.ru,scanrating.ru,Referer,Enabled
screentoolkit.com,screentoolkit.com,Referer,Enabled
scripted.com,scripted.com,Referer,Enabled
sdi-pme.com,sdi-pme.com,Referer,Enabled
search-disal.com,search-disal.com,Referer,Enabled
search-error.com,search-error.com,Referer,Enabled
search-gusta.com,search-gusta.com,Referer,Enabled
search-relate.com,search-relate.com,Referer,Enabled
search.clearch.org,search.clearch.org,Referer,Enabled
search.nifty.com,search.nifty.com,Referer,Enabled
search.pch.com,search.pch.com,Referer,Enabled
search.socialdownloadr.com,search.socialdownloadr.com,Referer,Enabled
search.tb.ask.com,search.tb.ask.com,Referer,Enabled
searchingdirector.com,searchingdirector.com,Referer,Enabled
searchlock.com,searchlock.com,Referer,Enabled
searchthis.com,searchthis.com,Referer,Enabled
see-your-website-here.com,see-your-website-here.com,Referer,Enabled
semalt.com,semalt.com,Referer,Enabled
semalt.semalt.com,semalt.semalt.com,Referer,Enabled
semaltmedia.com,semaltmedia.com,Referer,Enabled
seo-2-0.com,seo-2-0.com,Referer,Enabled
seo-platform.com,seo-platform.com,Referer,Enabled
seo-smm.kz,seo-smm.kz,Referer,Enabled
seoanalyses.com,seoanalyses.com,Referer,Enabled
seoexperimenty.ru,seoexperimenty.ru,Referer,Enabled
seokicks.de,seokicks.de,Referer,Enabled
seopub.net,seopub.net,Referer,Enabled
serplab.co.uk,serplab.co.uk,Referer,Enabled
serw.clicksor.com,serw.clicksor.com,Referer,Enabled
sexkrasivo.net,sexkrasivo.net,Referer,Enabled
sexphoto.site,sexphoto.site,Referer,Enabled
sexsaoy.com,sexsaoy.com,Referer,Enabled
sexyali.com,sexyali.com,Referer,Enabled
sexyteens.hol.es,sexyteens.hol.es,Referer,Enabled
"share buttons sharebutton.org","share buttons sharebutton.org",Referer,Enabled
share-button.xyz,share-button.xyz,Referer,Enabled
share-buttons.xyz,share-buttons.xyz,Referer,Enabled
sharebutton.net,sharebutton.net,Referer,Enabled
sharebutton.org,sharebutton.org,Referer,Enabled
sharebutton.to,sharebutton.to,Referer,Enabled
shemalegalls.blogporn.in,shemalegalls.blogporn.in,Referer,Enabled
shindanshi-net.com,shindanshi-net.com,Referer,Enabled
ship-marvel.co.ua,ship-marvel.co.ua,Referer,Enabled
shodanhq.com,shodanhq.com,Referer,Enabled
shop.xz618.com,shop.xz618.com,Referer,Enabled
shopping.ilovevitaly.com,shopping.ilovevitaly.com,Referer,Enabled
shopvilleroyboch.com.ua,shopvilleroyboch.com.ua,Referer,Enabled
shopvilleroyboch.ru,shopvilleroyboch.ru,Referer,Enabled
shorree.org,shorree.org,Referer,Enabled
shtaketniki.ru,shtaketniki.ru,Referer,Enabled
sibecoprom.ru,sibecoprom.ru,Referer,Enabled
sighbercafe.com,sighbercafe.com,Referer,Enabled
silvermature.net,silvermature.net,Referer,Enabled
similarto.us,similarto.us,Referer,Enabled
similiarpages.com,similiarpages.com,Referer,Enabled
simple-share-buttons.com,simple-share-buttons.com,Referer,Enabled
sims-sims.ru,sims-sims.ru,Referer,Enabled
site-41419611-1.snip.tw,site-41419611-1.snip.tw,Referer,Enabled
site-45640949-1.snip.tw,site-45640949-1.snip.tw,Referer,Enabled
site-48468546-1.snip.tw,site-48468546-1.snip.tw,Referer,Enabled
site-50821359-1.snip.tw,site-50821359-1.snip.tw,Referer,Enabled
site-53396963-1.snip.tw,site-53396963-1.snip.tw,Referer,Enabled
site-59157769-1.snip.tw,site-59157769-1.snip.tw,Referer,Enabled
site-61728105-1.snip.tw,site-61728105-1.snip.tw,Referer,Enabled
site-66192413-1.snip.tw,site-66192413-1.snip.tw,Referer,Enabled
site-71295210-1.snip.tw,site-71295210-1.snip.tw,Referer,Enabled
site-auditor.online,site-auditor.online,Referer,Enabled
site1.floating-share-buttons.com,site1.floating-share-buttons.com,Referer,Enabled
site1.free-floating-buttons.com,site1.free-floating-buttons.com,Referer,Enabled
site10.floating-share-buttons.com,site10.floating-share-buttons.com,Referer,Enabled
site10.free-floating-buttons.com,site10.free-floating-buttons.com,Referer,Enabled
site11.free-floating-buttons.com,site11.free-floating-buttons.com,Referer,Enabled
site12.free-floating-buttons.com,site12.free-floating-buttons.com,Referer,Enabled
site13.free-floating-buttons.com,site13.free-floating-buttons.com,Referer,Enabled
site14.free-floating-buttons.com,site14.free-floating-buttons.com,Referer,Enabled
site15.free-floating-buttons.com,site15.free-floating-buttons.com,Referer,Enabled
site15872940.snip.to,site15872940.snip.to,Referer,Enabled
site17394998.snip.tw,site17394998.snip.tw,Referer,Enabled
site2.floating-share-buttons.com,site2.floating-share-buttons.com,Referer,Enabled
site2.free-floating-buttons.com,site2.free-floating-buttons.com,Referer,Enabled
site23561910.snip.tw,site23561910.snip.tw,Referer,Enabled
site27347009.snip.tw,site27347009.snip.tw,Referer,Enabled
site27603607.snip.tw,site27603607.snip.tw,Referer,Enabled
site27700725.snip.tw,site27700725.snip.tw,Referer,Enabled
site28345898.snip.to,site28345898.snip.to,Referer,Enabled
site3.floating-share-buttons.com,site3.floating-share-buttons.com,Referer,Enabled
site3.free-floating-buttons.com,site3.free-floating-buttons.com,Referer,Enabled
site30125849.snip.tw,site30125849.snip.tw,Referer,Enabled
site33144796.snip.to,site33144796.snip.to,Referer,Enabled
site38954183.snip.to,site38954183.snip.to,Referer,Enabled
site39341031.snip.to,site39341031.snip.to,Referer,Enabled
site4.floating-share-buttons.com,site4.floating-share-buttons.com,Referer,Enabled
site4.free-floating-buttons.com,site4.free-floating-buttons.com,Referer,Enabled
site41626773.snip.to,site41626773.snip.to,Referer,Enabled
site43602702.snip.to,site43602702.snip.to,Referer,Enabled
site44680384.snip.tw,site44680384.snip.tw,Referer,Enabled
site5.floating-share-buttons.com,site5.floating-share-buttons.com,Referer,Enabled
site5.free-floating-buttons.com,site5.free-floating-buttons.com,Referer,Enabled
site50266585.snip.to,site50266585.snip.to,Referer,Enabled
site57211203.snip.tw,site57211203.snip.tw,Referer,Enabled
site6.floating-share-buttons.com,site6.floating-share-buttons.com,Referer,Enabled
site6.free-floating-buttons.com,site6.free-floating-buttons.com,Referer,Enabled
site61665278.snip.tw,site61665278.snip.tw,Referer,Enabled
site61875389.snip.tw,site61875389.snip.tw,Referer,Enabled
site65755771.snip.tw,site65755771.snip.tw,Referer,Enabled
site65908408.snip.tw,site65908408.snip.tw,Referer,Enabled
site66736948.snip.tw,site66736948.snip.tw,Referer,Enabled
site66756695.snip.tw,site66756695.snip.tw,Referer,Enabled
site69502304.snip.to,site69502304.snip.to,Referer,Enabled
site7.floating-share-buttons.com,site7.floating-share-buttons.com,Referer,Enabled
site7.free-floating-buttons.com,site7.free-floating-buttons.com,Referer,Enabled
site7259492.snip.to,site7259492.snip.to,Referer,Enabled
site8.floating-share-buttons.com,site8.floating-share-buttons.com,Referer,Enabled
site8.free-floating-buttons.com,site8.free-floating-buttons.com,Referer,Enabled
site9.floating-share-buttons.com,site9.floating-share-buttons.com,Referer,Enabled
site9.free-floating-buttons.com,site9.free-floating-buttons.com,Referer,Enabled
siteripz.net,siteripz.net,Referer,Enabled
sitevaluation.org,sitevaluation.org,Referer,Enabled
sivs.ru,sivs.ru,Referer,Enabled
sky-mine.ru,sky-mine.ru,Referer,Enabled
slave.xblog.in,slave.xblog.in,Referer,Enabled
sledstvie-veli.net,sledstvie-veli.net,Referer,Enabled
slftsdybbg.ru,slftsdybbg.ru,Referer,Enabled
slkrm.ru,slkrm.ru,Referer,Enabled
slonechka.ru,slonechka.ru,Referer,Enabled
slow-website.xyz,slow-website.xyz,Referer,Enabled
smailik.org,smailik.org,Referer,Enabled
smarter-content.for-your.website,smarter-content.for-your.website,Referer,Enabled
smartphonediscount.info,smartphonediscount.info,Referer,Enabled
smstraf.ru,smstraf.ru,Referer,Enabled
snip.to,snip.to,Referer,Enabled
soaksoak.ru,soaksoak.ru,Referer,Enabled
sociableblog.com,sociableblog.com,Referer,Enabled
social-buttons-aa.xyz,social-buttons-aa.xyz,Referer,Enabled
social-buttons-dd.xyz,social-buttons-dd.xyz,Referer,Enabled
social-buttons-ff.xyz,social-buttons-ff.xyz,Referer,Enabled
social-buttons-gg.xyz,social-buttons-gg.xyz,Referer,Enabled
social-buttons-hh.xyz,social-buttons-hh.xyz,Referer,Enabled
social-buttons-ii.xyz,social-buttons-ii.xyz,Referer,Enabled
social-buttons.com,social-buttons.com,Referer,Enabled
social-buttons.xyz,social-buttons.xyz,Referer,Enabled
social-traffic-1.xyz,social-traffic-1.xyz,Referer,Enabled
social-traffic-2.xyz,social-traffic-2.xyz,Referer,Enabled
social-traffic-3.xyz,social-traffic-3.xyz,Referer,Enabled
social-traffic-4.xyz,social-traffic-4.xyz,Referer,Enabled
social-traffic-5.xyz,social-traffic-5.xyz,Referer,Enabled
social-traffic-6.xyz,social-traffic-6.xyz,Referer,Enabled
social-traffic-7.xyz,social-traffic-7.xyz,Referer,Enabled
social-traffic-8.xyz,social-traffic-8.xyz,Referer,Enabled
social-traffic-9.xyz,social-traffic-9.xyz,Referer,Enabled
social-widget.xyz,social-widget.xyz,Referer,Enabled
socialbutton.xyz,socialbutton.xyz,Referer,Enabled
socialbuttons.xyz,socialbuttons.xyz,Referer,Enabled
socialseet.ru,socialseet.ru,Referer,Enabled
social-buttons.xyz,social-buttons.xyz,Referer,Enabled
socialbuttons.xyz,socialbuttons.xyz,Referer,Enabled
softomix.com,softomix.com,Referer,Enabled
softomix.net,softomix.net,Referer,Enabled
softomix.ru,softomix.ru,Referer,Enabled
sohoindia.net,sohoindia.net,Referer,Enabled
solitaire-game.ru,solitaire-game.ru,Referer,Enabled
solnplast.ru,solnplast.ru,Referer,Enabled
sosdepotdebilan.com,sosdepotdebilan.com,Referer,Enabled
soundfrost.org,soundfrost.org,Referer,Enabled
southboundbeat.com,southboundbeat.com,Referer,Enabled
spb.afora.ru,spb.afora.ru,Referer,Enabled
special-porn.com,special-porn.com,Referer,Enabled
spravka130.ru,spravka130.ru,Referer,Enabled
srecorder.com,srecorder.com,Referer,Enabled
stablehost.com,stablehost.com,Referer,Enabled
stairliftstrue.com,stairliftstrue.com,Referer,Enabled
star61.de,star61.de,Referer,Enabled
stariy-baku.com,stariy-baku.com,Referer,Enabled
steame.ru,steame.ru,Referer,Enabled
steelmaster.lv,steelmaster.lv,Referer,Enabled
stoki.ru,stoki.ru,Referer,Enabled
success-seo.com,success-seo.com,Referer,Enabled
suche.t-online.de,suche.t-online.de,Referer,Enabled
suid.org,suid.org,Referer,Enabled
superiends.org,superiends.org,Referer,Enabled
supervesti.ru,supervesti.ru,Referer,Enabled
svetodiodoff.ru,svetodiodoff.ru,Referer,Enabled
swbca.org,swbca.org,Referer,Enabled
sweinc.biz,sweinc.biz,Referer,Enabled
swisscows.ch,swisscows.ch,Referer,Enabled
sygraem.com,sygraem.com,Referer,Enabled
syob.net,syob.net,Referer,Enabled
tadalafil-sildenafil.com,tadalafil-sildenafil.com,Referer,Enabled
taihouse.ru,taihouse.ru,Referer,Enabled
tartanindustrial.com,tartanindustrial.com,Referer,Enabled
tasteidea.com,tasteidea.com,Referer,Enabled
tattooha.com,tattooha.com,Referer,Enabled
tctco.com,tctco.com,Referer,Enabled
td-33.ru,td-33.ru,Referer,Enabled
techen.com,techen.com,Referer,Enabled
tedxrj.com,tedxrj.com,Referer,Enabled
telenetron.com,telenetron.com,Referer,Enabled
telnetron.com,telnetron.com,Referer,Enabled
theguardlan.com,theguardlan.com,Referer,Enabled
thehaterspage.com,thehaterspage.com,Referer,Enabled
thesitez.com,thesitez.com,Referer,Enabled
timebie.com,timebie.com,Referer,Enabled
timschaefermedia.com,timschaefermedia.com,Referer,Enabled
tires.afora.ru,tires.afora.ru,Referer,Enabled
tits.twiclub.in,tits.twiclub.in,Referer,Enabled
tkpassword.com,tkpassword.com,Referer,Enabled
tl.rulate.ru,tl.rulate.ru,Referer,Enabled
tmm-kurs.ru,tmm-kurs.ru,Referer,Enabled
tnb22.com,tnb22.com,Referer,Enabled
to.afora.ru,to.afora.ru,Referer,Enabled
tolyatti.xrus.org,tolyatti.xrus.org,Referer,Enabled
tomck.com,tomck.com,Referer,Enabled
top1-seo-service.com,top1-seo-service.com,Referer,Enabled
topalternate.com,topalternate.com,Referer,Enabled
toppics26.ru,toppics26.ru,Referer,Enabled
topquality.cf,topquality.cf,Referer,Enabled
topseoservices.co,topseoservices.co,Referer,Enabled
topseoservices.com,topseoservices.com,Referer,Enabled
torture.ml,torture.ml,Referer,Enabled
tosurf.org,tosurf.org,Referer,Enabled
tourette.be,tourette.be,Referer,Enabled
touropia.ru,touropia.ru,Referer,Enabled
toyota.7zap.com,toyota.7zap.com,Referer,Enabled
toys.adultnet.in,toys.adultnet.in,Referer,Enabled
traffic-cash.xyz,traffic-cash.xyz,Referer,Enabled
traffic-paradise.org,traffic-paradise.org,Referer,Enabled
traffic2cash.net,traffic2cash.net,Referer,Enabled
traffic2cash.org,traffic2cash.org,Referer,Enabled
traffic2cash.xyz,traffic2cash.xyz,Referer,Enabled
traffic2money.com,traffic2money.com,Referer,Enabled
trafficgenius.xyz,trafficgenius.xyz,Referer,Enabled
trafficmonetize.org,trafficmonetize.org,Referer,Enabled
trafficmonetizer.org,trafficmonetizer.org,Referer,Enabled
trion.od.ua,trion.od.ua,Referer,Enabled
ttias.be,ttias.be,Referer,Enabled
tubetop44.ru,tubetop44.ru,Referer,Enabled
turbo-suslik.org,turbo-suslik.org,Referer,Enabled
tuugo.it,tuugo.it,Referer,Enabled
tvand.ru,tvand.ru,Referer,Enabled
tytoona.com,tytoona.com,Referer,Enabled
tyumen.xrus.org,tyumen.xrus.org,Referer,Enabled
u-cheats.ru,u-cheats.ru,Referer,Enabled
uageology.ru,uageology.ru,Referer,Enabled
uasb.ru,uasb.ru,Referer,Enabled
udensapgade.lv,udensapgade.lv,Referer,Enabled
udensspices.lv,udensspices.lv,Referer,Enabled
ufa.xrus.org,ufa.xrus.org,Referer,Enabled
ukr-cegla.com.ua,ukr-cegla.com.ua,Referer,Enabled
ulitzer.com,ulitzer.com,Referer,Enabled
unpredictable.ga,unpredictable.ga,Referer,Enabled
uoi.gr,uoi.gr,Referer,Enabled
uptime.com,uptime.com,Referer,Enabled
uptimebot.net,uptimebot.net,Referer,Enabled
uptimechecker.com,uptimechecker.com,Referer,Enabled
urllib.com,urllib.com,Referer,Enabled
urlm.de,urlm.de,Referer,Enabled
urng-maiz.com,urng-maiz.com,Referer,Enabled
user42743189.6hoping.com,user42743189.6hoping.com,Referer,Enabled
userequip.com,userequip.com,Referer,Enabled
users.n2s.es,users.n2s.es,Referer,Enabled
uytmaster.ru,uytmaster.ru,Referer,Enabled
uzungil.com,uzungil.com,Referer,Enabled
vapmedia.org,vapmedia.org,Referer,Enabled
veerotech.com,veerotech.com,Referer,Enabled
vekzdorov.ru,vekzdorov.ru,Referer,Enabled
vesta-lada.net,vesta-lada.net,Referer,Enabled
vgoloveboli.net,vgoloveboli.net,Referer,Enabled
viandpet.com,viandpet.com,Referer,Enabled
video--production.com,video--production.com,Referer,Enabled
video-woman.com,video-woman.com,Referer,Enabled
videochat.mx,videochat.mx,Referer,Enabled
videofrost.com,videofrost.com,Referer,Enabled
videofrost.net,videofrost.net,Referer,Enabled
videos-for-your-business.com,videos-for-your-business.com,Referer,Enabled
viel.su,viel.su,Referer,Enabled
viesearch.com,viesearch.com,Referer,Enabled
viktoria-center.ru,viktoria-center.ru,Referer,Enabled
vilingstore.net,vilingstore.net,Referer,Enabled
vip-dom.in,vip-dom.in,Referer,Enabled
vipsiterip.org,vipsiterip.org,Referer,Enabled
visa-china.ru,visa-china.ru,Referer,Enabled
vision-iq.com,vision-iq.com,Referer,Enabled
viview.inspsearch.com,viview.inspsearch.com,Referer,Enabled
vkontaktemusic.ru,vkontaktemusic.ru,Referer,Enabled
vodaodessa.com,vodaodessa.com,Referer,Enabled
vodkoved.ru,vodkoved.ru,Referer,Enabled
voloomoney.com,voloomoney.com,Referer,Enabled
voronezh.xrus.org,voronezh.xrus.org,Referer,Enabled
vote-up.ru,vote-up.ru,Referer,Enabled
vykup-avto-krasnodar.ru,vykup-avto-krasnodar.ru,Referer,Enabled
vykupavto-krasnodar.ru,vykupavto-krasnodar.ru,Referer,Enabled
w3javascript.com,w3javascript.com,Referer,Enabled
wallpapers-best.com,wallpapers-best.com,Referer,Enabled
watters.ws,watters.ws,Referer,Enabled
wdfdocando.com,wdfdocando.com,Referer,Enabled
web-list.xyz,web-list.xyz,Referer,Enabled
web-revenue.xyz,web-revenue.xyz,Referer,Enabled
webaddresshelp.bt.com,webaddresshelp.bt.com,Referer,Enabled
webdiro.com,webdiro.com,Referer,Enabled
webextractb.profound.net,webextractb.profound.net,Referer,Enabled
webiodir.com,webiodir.com,Referer,Enabled
webmaster-traffic.com,webmaster-traffic.com,Referer,Enabled
webmonetizer.net,webmonetizer.net,Referer,Enabled
website-analyzer.info,website-analyzer.info,Referer,Enabled
website-stealer-warning-alert.hdmoviecams.com,website-stealer-warning-alert.hdmoviecams.com,Referer,Enabled
website-stealer-warning.hdmoviecamera.net,website-stealer-warning.hdmoviecamera.net,Referer,Enabled
website-stealer.hdmoviecamera.net,website-stealer.hdmoviecamera.net,Referer,Enabled
website-stealer.nufaq.com,website-stealer.nufaq.com,Referer,Enabled
websites-reviews.com,websites-reviews.com,Referer,Enabled
websocial.me,websocial.me,Referer,Enabled
webstatsdomain.org,webstatsdomain.org,Referer,Enabled
weburlopener.com,weburlopener.com,Referer,Enabled
wedding-salon.net,wedding-salon.net,Referer,Enabled
westconcordcollision.com,westconcordcollision.com,Referer,Enabled
westernmontanahardscapes.com,westernmontanahardscapes.com,Referer,Enabled
wheelchairliftfind.com,wheelchairliftfind.com,Referer,Enabled
wiizl.com,wiizl.com,Referer,Enabled
wmasterlead.com,wmasterlead.com,Referer,Enabled
woman-h.ru,woman-h.ru,Referer,Enabled
woman-orgasm.ru,woman-orgasm.ru,Referer,Enabled
womensplay.net,womensplay.net,Referer,Enabled
womensterritory.ru,womensterritory.ru,Referer,Enabled
wordpress-crew.net,wordpress-crew.net,Referer,Enabled
wordpresscore.com,wordpresscore.com,Referer,Enabled
wotbox.biz,wotbox.biz,Referer,Enabled
wpsecuritycheck.co.uk,wpsecuritycheck.co.uk,Referer,Enabled
wpthemedetector.co.uk,wpthemedetector.co.uk,Referer,Enabled
wulomei.bb,wulomei.bb,Referer,Enabled
wurstwisdom.com,wurstwisdom.com,Referer,Enabled
www.202tech.com,www.202tech.com,Referer,Enabled
www.allmetalworking.ru,www.allmetalworking.ru,Referer,Enabled
www.alveris.ru,www.alveris.ru,Referer,Enabled
www.bookmaker-bet.com,www.bookmaker-bet.com,Referer,Enabled
www.castingbank.ru,www.castingbank.ru,Referer,Enabled
www.claim69427019.copyrightclaims.org,www.claim69427019.copyrightclaims.org,Referer,Enabled
www.claim71210023.copyrightclaims.org,www.claim71210023.copyrightclaims.org,Referer,Enabled
www.ctm-stroy.ru,www.ctm-stroy.ru,Referer,Enabled
www.equippedtodomore.com,www.equippedtodomore.com,Referer,Enabled
www.event-tracking.com,www.event-tracking.com,Referer,Enabled
www.foxinsocks.ru,www.foxinsocks.ru,Referer,Enabled
www.fuck-paid-share-buttons.xyz,www.fuck-paid-share-buttons.xyz,Referer,Enabled
www.get-free-social-traffic.com,www.get-free-social-traffic.com,Referer,Enabled
www.Get-Free-Traffic-Now.com,www.Get-Free-Traffic-Now.com,Referer,Enabled
www.glutenfreedetectiveagency.com,www.glutenfreedetectiveagency.com,Referer,Enabled
www.kabbalah-red-bracelets.com,www.kabbalah-red-bracelets.com,Referer,Enabled
www.lego4x4.ru,www.lego4x4.ru,Referer,Enabled
www.mosrif.ru,www.mosrif.ru,Referer,Enabled
www.muz-baza.net,www.muz-baza.net,Referer,Enabled
www.o-trubah.com,www.o-trubah.com,Referer,Enabled
www.pechikamini.ru,www.pechikamini.ru,Referer,Enabled
www.pornoklad.net,www.pornoklad.net,Referer,Enabled
www.positive2b.ru,www.positive2b.ru,Referer,Enabled
www.regionshop.biz,www.regionshop.biz,Referer,Enabled
www.replica-watch.ru,www.replica-watch.ru,Referer,Enabled
www.rvtv.ru,www.rvtv.ru,Referer,Enabled
www.sexkrasivo.net,www.sexkrasivo.net,Referer,Enabled
www.share-button.xyz,www.share-button.xyz,Referer,Enabled
www.sildia.com,www.sildia.com,Referer,Enabled
www.social-button.xyz,www.social-button.xyz,Referer,Enabled
www.social-buttons.xyz,www.social-buttons.xyz,Referer,Enabled
www.socialbutton.xyz,www.socialbutton.xyz,Referer,Enabled
www.socialbuttons.xyz,www.socialbuttons.xyz,Referer,Enabled
www.styro.ru,www.styro.ru,Referer,Enabled
www.symbol-s.ru,www.symbol-s.ru,Referer,Enabled
www.top1-seo-service.com,www.top1-seo-service.com,Referer,Enabled
www.varikozdok.ru,www.varikozdok.ru,Referer,Enabled
www.vesnatehno.com,www.vesnatehno.com,Referer,Enabled
www.vesnatehno.ru,www.vesnatehno.ru,Referer,Enabled
www.x720.net,www.x720.net,Referer,Enabled
www.xpresscare.ru,www.xpresscare.ru,Referer,Enabled
www1.free-social-buttons.com,www1.free-social-buttons.com,Referer,Enabled
www10.free-social-buttons.com,www10.free-social-buttons.com,Referer,Enabled
www2.free-social-buttons.com,www2.free-social-buttons.com,Referer,Enabled
www3.free-social-buttons.com,www3.free-social-buttons.com,Referer,Enabled
www4.free-social-buttons.com,www4.free-social-buttons.com,Referer,Enabled
www5.free-social-buttons.com,www5.free-social-buttons.com,Referer,Enabled
www6.free-social-buttons.com,www6.free-social-buttons.com,Referer,Enabled
www7.free-social-buttons.com,www7.free-social-buttons.com,Referer,Enabled
www8.free-social-buttons.com,www8.free-social-buttons.com,Referer,Enabled
www9.free-social-buttons.com,www9.free-social-buttons.com,Referer,Enabled
wzgyyq.com,wzgyyq.com,Referer,Enabled
x720.net,x720.net,Referer,Enabled
xboxster.ru,xboxster.ru,Referer,Enabled
xkvcrbheea.net,xkvcrbheea.net,Referer,Enabled
xlzzri.com,xlzzri.com,Referer,Enabled
xn-----6kcaacnblni5c5bicdpcmficy.xn--p1ai,xn-----6kcaacnblni5c5bicdpcmficy.xn--p1ai,Referer,Enabled
xn--80ab4aa2g.xn--p1ai,xn--80ab4aa2g.xn--p1ai,Referer,Enabled
xn--80acerqftc.com.ua,xn--80acerqftc.com.ua,Referer,Enabled
xn--80adiozefkkgf4j9ac.xn--p1ai,xn--80adiozefkkgf4j9ac.xn--p1ai,Referer,Enabled
xn--80ahvj9e.xn--p1ai,xn--80ahvj9e.xn--p1ai,Referer,Enabled
xpresscare.ru,xpresscare.ru,Referer,Enabled
xrus.org,xrus.org,Referer,Enabled
xsion.net,xsion.net,Referer,Enabled
xxart.ru,xxart.ru,Referer,Enabled
yaderenergy.ru,yaderenergy.ru,Referer,Enabled
yaroslavl.xrus.org,yaroslavl.xrus.org,Referer,Enabled
yellowleaf.co.uk,yellowleaf.co.uk,Referer,Enabled
yemins.com,yemins.com,Referer,Enabled
yfs.co.uk,yfs.co.uk,Referer,Enabled
ykecwqlixx.ru,ykecwqlixx.ru,Referer,Enabled
youandcredit.ru,youandcredit.ru,Referer,Enabled
yougetsignal.com,yougetsignal.com,Referer,Enabled
youporn-forum.ga,youporn-forum.ga,Referer,Enabled
youporn-forum.uni.me,youporn-forum.uni.me,Referer,Enabled
youporn-ru.com,youporn-ru.com,Referer,Enabled
yourdesires.ru,yourdesires.ru,Referer,Enabled
youresponsive.com,youresponsive.com,Referer,Enabled
yourserverisdown.com,yourserverisdown.com,Referer,Enabled
yoursitename.ru,yoursitename.ru,Referer,Enabled
youtubedownload.org,youtubedownload.org,Referer,Enabled
ystart3.dealwifi.com,ystart3.dealwifi.com,Referer,Enabled
yuda.com,yuda.com,Referer,Enabled
yudu.com,yudu.com,Referer,Enabled
yugo-star.ru,yugo-star.ru,Referer,Enabled
yumpu.com,yumpu.com,Referer,Enabled
zachrannasluzba.cz,zachrannasluzba.cz,Referer,Enabled
zaim-pod-zalog-krasnodar.ru,zaim-pod-zalog-krasnodar.ru,Referer,Enabled
zakon-ob-obrazovanii.ru,zakon-ob-obrazovanii.ru,Referer,Enabled
zapmeta.it,zapmeta.it,Referer,Enabled
zarabotat-na-sajte.ru,zarabotat-na-sajte.ru,Referer,Enabled
zastenchivosti.net,zastenchivosti.net,Referer,Enabled
zastroyka.org,zastroyka.org,Referer,Enabled
zazagames.org,zazagames.org,Referer,Enabled
zdesoboi.com,zdesoboi.com,Referer,Enabled
zebradudka.com,zebradudka.com,Referer,Enabled
znaniyapolza.ru,znaniyapolza.ru,Referer,Enabled
zojirushi-products.ru,zojirushi-products.ru,Referer,Enabled
zoospa.kz,zoospa.kz,Referer,Enabled
zquhwmpalj.us,zquhwmpalj.us,Referer,Enabled
zvetki.ru,zvetki.ru,Referer,Enabled
.,.,Referer,Enabled
-.,-.,Referer,Enabled
....,....,Referer,Enabled
.com,.com,Referer,Enabled
..com,..com,Referer,Enabled
.,.,Referer,Enabled
..,..,Referer,Enabled
-.,-.,Referer,Enabled
...,...,Referer,Enabled
.,.,Referer,Enabled
.,.,Referer,Enabled
-.,-.,Referer,Enabled
